y,X_1,X_2,X_3,X_4,X_5,X_6,X_7,X_8
11.971989558892332,-0.07458328555309703,0.057682050577839324,0.8312618173607225,0.46892909810557676,-0.024793261827983498,0.7378735740959439,0.2508373647988132,0.9776023753384087
-4.618504696089605,-0.6652057754149134,0.06985430965367838,0.8210824007106908,2.719891948089267,-1.0541306262218537,0.022105082721918943,0.646360506503839,0.25345527434175696
-1.6722776426132127,-0.42292768253842383,0.04950168268944655,0.6453713284265532,1.1437649938104149,0.43826828634549164,0.2151913666147678,0.41747644395923167,0.5105447317303247
-1.1870082279130605,-0.18292221316339,0.04763312051968073,0.578290199847251,1.4066087855726925,-0.41418588106017473,-0.36228941093334854,0.3167919136535775,0.40335364024818776
-4.0696887338293015,0.18407087879227438,0.043890403908927,0.8098180465347389,1.1760007450631116,-0.37465947749249245,-0.43557885125266554,0.4682243244046656,0.14062514205410992
-1.1689581148320274,-0.25931790169026375,0.07889181882940288,0.6883675403789176,1.3266397844114466,0.13433170427148183,0.6442986476738418,0.17208820225005447,-0.19780309818438063
-2.9374291914923725,0.9965507464202751,0.06936636986984829,0.7854867550823047,1.192493788704883,0.2942704326395955,0.020200096232623907,0.75615864935574,0.22738411885402268
-3.571728947702418,1.0876251610115177,0.0459616621953846,0.6163190760766861,0.3099177000300207,2.361186174832643,-0.05869639596416603,0.357811827915004,0.33703126925493776
-7.605332156037568,1.6763021975562682,0.06789918240364586,0.5811433996541068,1.247281509394723,0.9693797732655393,-0.32643300092776933,0.5281921994817426,0.08756514679826308
11.605238129882315,0.8771466038735947,0.08028529795874084,0.6241316049408754,-0.02244750510636384,0.3748578423736753,0.560235601171967,0.07136236055521417,0.6296944530686255
1.698292426206245,1.1233284311654002,0.07033377178282677,0.7906390966654904,0.18618340968920477,0.006607377757198787,0.1379753364657025,0.2214240534436133,0.028751098130163133
-9.356897400663138,0.329970450338559,0.05170010588164719,0.8062565460702229,2.6545221906382013,0.3454923644394171,-0.1222831737882411,0.227646566036745,-0.08647286451846714
-2.6499684228684064,0.33061854627241444,0.03088222348285834,0.6479212134176568,1.0914819342696687,-0.49863265106097543,-0.28758763825372613,-0.004151237314246103,-0.04407006586018031
1.4423970429317565,-0.7419755039849623,0.054520385476654984,0.6251084157043045,0.5610851269942723,-1.123462503139514,-0.4130263761397142,0.4253678457227556,0.15719622128476757
-9.3965359516334,-0.8176760651025992,0.03121992417637922,0.7478749255154156,0.42643829246159504,1.6210954870191148,0.7289216568693734,0.5631738609045337,-0.34696316956806816
-8.023109763238194,-0.10530627853504962,-0.013924017220552976,0.7024056951063286,1.6035798203876968,-0.5282642392286522,-0.5181206932866623,0.5971533498000929,-0.011548652103694101
-12.987679344519108,-2.4622788022958675,0.04413954772630699,0.8897155720294254,0.7562814038520269,1.786034097077842,-0.17740604715573438,0.2547471956867853,-0.32599608855954365
-3.3681411379158614,0.3000867329228716,0.06234967484630613,0.6079425729327445,1.1541458476015551,-0.185491412910539,0.2917767526302447,0.40893414271417383,0.0834521456619287
-5.837971151690255,-0.1385072516425705,0.0643528822378135,0.5487908981981502,0.2556861171426609,-0.1176173782070524,-0.6631249965788018,0.09287332263710596,-0.4905470893833497
-3.7269355098199277,0.8721775819245217,0.08238952193105416,0.7036593888614799,0.944072296969428,0.5781473699951676,-0.06878041658206108,0.43214786987854487,0.2966914081519527
-9.369087947381912,0.04880053873258289,0.08407659413978388,0.7245502027466437,1.9582371764302686,0.10766530137190138,-0.2649765120954761,0.4932794968683451,-0.09484584691573483
-6.216577440716734,0.2947164352196972,0.12009225812965628,0.7067024773910553,2.643592589337864,-0.2167189538923614,-0.3898816125544311,0.1727287814072332,0.35484402847192675
-1.7034184534525014,-0.6177712699023836,0.02018656858647018,0.6829690566470646,1.538189138644658,-0.42144324518873055,-0.012461826964799997,0.5140359598944734,0.1961664736142445
-0.07686388725757087,0.9237364755110967,0.07119838591941806,0.5136796250428687,-0.2922093956373085,-0.3411913927907576,0.3454169424026259,0.6906883582652432,0.02529384486870659
0.6398953094632569,0.04960291586327714,0.0822966878395851,0.6547977083099056,0.08181716713310916,1.0960244738143659,0.3149528680967091,0.31431656162198224,0.5095782659823621
-4.55981411430193,-0.1657703575886083,0.07342745509985626,0.6796028116239734,1.8055171857103391,-1.2278927993620008,-0.4304977056599626,0.23534928530727173,-0.23720804874380985
-9.212592637928426,0.38618400987359647,0.08834400962055763,0.6003567488901645,1.301698485601401,0.15101953865340761,0.33585373882459,0.321674076163028,-0.5063132911714611
-2.5486083210492207,0.9562479926931522,0.043724221961744913,0.6761687170132854,0.6346658506105735,0.3967484943895969,0.06173054934054489,0.5545056334420796,0.22016680250205986
1.6817058908848932,0.4136869727893198,0.048900767783482436,0.7318216572428622,0.5260641424945087,1.0290747769734363,0.8944678914850291,0.14866543319982198,0.34867534203006534
-7.244612808893598,-0.3641247344373556,0.07040247205144813,0.7379968854341966,0.29194702553656193,0.4699292343467235,-0.18774818973350443,0.29198370987234346,-0.2801997725418845
-9.10227880146688,-0.00022262151101978649,0.06132552363353678,0.7064881882755528,1.2242189500287735,-0.26236486469641584,-0.02964463662060922,0.4222436605846445,-0.3162616523841603
-2.3239862313901636,0.31395721944583277,0.039599520757520525,0.6060075869150117,1.4382772984076273,-0.6013406194172366,-0.688065983816241,0.5987372394812335,0.22422047112427082
-7.601854201689205,-0.29440103120810585,0.00712734854933228,0.7141453631026554,0.16024017544769875,1.6649000370765799,-1.0779856298449526,0.3375893869941885,0.4778846676053563
2.309053624161053,0.5036351084585996,0.06040404220687387,0.6292956408696777,1.3380402412635752,-0.16730203768132035,-0.42428858147296955,0.3141923461997056,0.6254183290386317
0.8592581814485167,0.5676129835235766,0.0676445599031954,0.5069154059936752,1.3973084092270247,-0.6422466500033233,-0.09424381614160021,0.6125238767981512,0.26960087891724654
-1.2844574154131965,-0.33909189595909195,0.046572714789763395,0.6004489380525596,1.4183581813436101,0.2386727483595358,0.15932942214223675,0.43171522994770295,0.42596838963140143
-1.8260773109037607,2.12884932452046,0.05642367106209112,0.8366350611756748,0.591170709802431,1.2766464993446576,0.44995830329694175,0.3987256318153227,0.10006446548836237
6.758864211061486,-0.7564855594823149,0.07156709773298373,0.4513760614822607,0.18686027298699537,0.28089571509395395,-0.14940761887770793,0.4711066394145492,0.7322314182896636
4.144237172795192,0.46867414890046843,0.08492801256692128,0.5129975488416147,1.006711734646887,-0.42148502414541655,0.7979908305677377,0.2032555408777551,-0.03141871169558991
-3.5684821799669195,0.07634037319481905,0.09148945688539142,0.6461897554158498,0.003133757386035274,0.022786641810031025,-0.640335063116967,0.3621790951128099,-0.04304913627678114
-1.8844115799774581,0.03628747689604277,0.07704193483680996,0.703781908388383,2.3393983169058297,-0.9439160043614255,0.2973069507125909,0.25252980672318176,0.46991667897396183
-7.829362006822886,-1.2442251143848004,0.06524447950050524,0.6482670711584445,3.5699066182933863,-0.6353781781187807,0.05667362060613749,0.3926813910997714,0.09292909455553466
-2.07634675714346,-0.5985418473717977,0.0697666195813211,0.6364893694610323,0.6635031506770552,-0.39804358523508865,-0.430377471934305,0.404099621353472,0.09026443201922911
-3.3547045575058347,0.7403770354261997,0.08896648788071099,0.6570378942901257,0.9169322454912796,0.31567980986803834,-0.13143750579911678,0.3802664110627854,0.2022166138469806
-6.624371297641203,-0.11764260964703566,0.045204701542817936,0.600787333288406,1.3584525274954897,-0.5291257216181144,-0.38085569118099993,0.3077770290549789,-0.4049899393353146
-1.078960868132598,0.34133791151226206,0.029126869007134695,0.6048996952305933,2.1808049855402145,-1.0870687337210936,-0.2831138851239661,0.5112460076118316,0.23728410483560397
-4.333490323009569,-0.2967189944347441,0.040365630137119454,0.6405398993067577,1.5746257487021076,0.10622435463739877,-0.3483297506427754,0.4186754514339434,0.06890912542382167
-3.449938910331125,0.9336958284023376,0.06803833294380325,0.7065839843648719,1.1391134074360905,0.635364977919732,0.29891432903204096,0.2641196020210813,0.010814849013260408
6.018859420494492,1.7794320005497244,0.0631004604563413,0.7835155832633084,0.5581119110852881,-2.030700250517254,-0.6863107550779574,0.6413556540881242,0.5333330814597578
-20.602863378839732,-1.4151195935432703,0.055427353768961435,0.7721122964036059,1.820925829279234,2.3363250505622646,0.13758699556868617,0.46669869352290144,-0.5404898913325363
-3.4878418643570286,-0.9687763057943203,0.05212645671253342,0.7535078268463821,0.25384308605202566,1.3597768807717916,0.10896031639492769,0.5618639706473045,0.31400449617559245
4.470607879720788,-0.13939784624821153,0.07931789253884428,0.7693047918531943,1.531010102300316,-0.7974707411524409,0.3974998449894777,0.4665820767725486,0.5842603430314537
-4.151055197874085,1.1524668357905523,0.07330384307516583,0.7643145056127774,0.34329482631857305,2.5764462143016056,0.7213817572329169,0.3565151937891652,0.14034828215649592
-2.8949300552528476,-0.21671181565740547,0.08035286173460883,0.773182111193851,1.558950652820416,0.5258912595525687,0.08746500247249397,0.4239743605648763,0.09953306006521861
0.7385919979592848,0.35727741982885586,0.09266408834216383,0.7134562689183552,2.896089355314717,-1.074571830764425,0.5882541379302599,0.44367580887319047,0.4686808686411747
4.226525859259409,-0.3176097329913629,0.07317578772374854,0.8056261065865364,-0.2946897319965137,-0.1398969225080708,1.2381079990927355,0.5036573732238356,-0.11971677348946225
2.8296970794778176,1.3011050674562021,0.07606210639173165,0.670816492801898,-0.188604439150995,0.2194673284389384,0.7047470405513092,0.10813095591473681,0.07810152711628453
-13.016462224167057,-0.43824895579065615,0.0585086480570584,0.5354890493611748,2.4409575311847345,0.6261492305971076,0.5409419770156669,0.45629517914020823,-0.36224516383631
-1.73869293626377,0.19621536746416854,0.01635243089998665,0.580289831381912,1.6134977151590837,-0.11058138592208308,-0.06704941164133123,0.5248451368359417,0.4677509365849504
2.0715068294484795,0.7276278580506216,0.049112434134641454,0.6216381689119022,0.9395737109055113,0.7952165516586349,-0.37653936076998845,0.4532858614696817,0.6431238590270489
1.6832558736432444,0.20836825086919109,0.06494164332701577,0.6188683457036529,1.0565362643012697,-1.375101066348519,0.25096467800345407,0.3330301224395481,-0.017014670492868006
2.481817303998405,-1.6627264091151237,0.06582409749051735,0.6899647557711488,0.813597514689647,-1.1426504501091208,-0.06031347681861132,0.49766214899549627,0.21336468815255125
-5.931515730695315,0.33328883288345984,0.08732468454937051,0.7379085631231149,0.5456081151608727,1.962834342783581,0.07962514984717294,0.5859777121354439,0.2650460244891457
-6.0780579758035636,-0.531661577937482,0.029583667629173062,0.7063360504247722,1.1964631794437786,1.7526752969915855,0.6012014292890732,0.49549982533044146,0.27795993990269846
7.038067839290242,-0.5471544600121448,0.04897486002100853,0.7718347048991119,-0.8514290618065085,-0.5964190576336371,0.28780165359996784,0.731200506717212,0.5146022400714084
-7.615162250906975,-0.3685221400431182,0.06911226497327531,0.673300746200219,0.7381352352590801,-0.0982785835637281,-0.48041907424124286,0.20438942219739845,-0.3261152534992954
3.636260418683223,-1.3185539841962186,0.05809439258726539,0.6865616712187708,0.3024400268203331,-1.4824536017769003,-0.24507527593628772,0.3864231349730858,0.26053955503580145
3.645849833202199,0.07254664511857986,0.06962883617484401,0.5955037909907416,-0.19634991925383305,-0.9344607001214139,0.09833601660470143,0.5617279738009688,0.3377298403114606
0.8484155925754684,1.0233659026975304,0.056195873407174385,0.6127600894002689,0.42151793467978255,0.15783464413343135,-0.6465570917462765,0.40811084089647387,0.3355363896328119
-6.311409288421812,-0.03369095837453802,0.04683137752425376,0.621300327961528,1.1316255503639094,-0.45829637907210197,0.2403124405761801,0.4574374018023709,-0.2943569215366567
5.041311116278566,-0.663408397705833,0.12154102367963256,0.6471180106514738,-1.0552301093944818,0.452647014306302,-0.028984210576552767,0.05770102325728166,0.24956244595357002
-9.618934712450804,0.14048540970815127,0.06932979217366975,0.6477253198928038,0.5393096864015903,1.5983286977642988,0.07098101850279155,0.6102048737247519,-0.05743099441191293
4.933705411987295,0.8561464914249428,0.06936762171793559,0.5393542971178369,0.21555719010067376,-1.050964361559024,0.207569216621006,0.3039281825587291,0.1431725282418267
-11.713021350653207,1.1164466842001861,0.012902097619449202,0.6818776316672304,2.3806150700109927,0.8740378591172812,-0.2695806300592117,0.4478829986776412,0.12093915437260738
2.451153767145534,-0.7068258094088377,0.011759600809509385,0.7646632897898026,0.8779112350445499,0.33250552760381613,0.49562093588745004,0.12106450981009612,0.24635415577684783
3.2768108680927033,0.19649820870700868,0.07365488397365993,0.8382114682706082,0.30010914990033744,0.2875705186085865,0.27143421990071515,0.3153639200049222,0.3133005181853007
-3.3772808086400827,0.31009891659295286,0.05463078888341604,0.7146134949739139,1.5109006152824316,0.018229000949747803,-0.21599005394524282,0.4290981273185632,0.3963928537486624
5.38050305347357,-0.6430465130552003,0.06355380827239415,0.6921994515471941,-0.09342784386414571,-1.2417531526431649,-0.6975770193675184,0.4243233731664886,0.2345714960199611
9.11481206017139,0.9433167210505615,0.06243719580472905,0.8569675494269754,0.06719787586936765,-1.9424994962456998,-0.5989684998679956,0.34376584465804155,0.38753525270885414
-9.225135064046746,-1.6726439737018628,0.04777793154456567,0.5168159750549592,1.438924183569313,1.0553538068234367,-0.6695129678152155,0.2854550013440764,0.34509052613967695
3.704430785773578,0.777971763584624,0.025804315098032396,0.6376547634148276,1.0602357691303426,-0.2097816823379937,-0.3634267523010195,0.3900260213923432,0.8170429008543509
-1.919993086557062,-0.45190826027928316,0.052055502653370694,0.6986751915318373,1.698110709631555,-0.3708685556849436,-0.49988632166420544,0.08875912214759396,0.04311114855834808
-7.29730291678957,-1.342180957895028,0.05450813479764338,0.5747846590726006,1.3726391314966246,-0.14310329652175133,0.20645625284321714,0.5375907157837845,-0.20135686185500012
-1.8910807752339256,-0.17695974097156317,0.05803068765795155,0.7084283744252878,1.051757071577324,-0.07817424661304079,0.2861484466789803,0.266100120355062,-0.14422448230450552
3.0819778798157893,-0.7536611337753643,0.05119396579233147,0.6383135457000229,0.4790915392586418,-0.30585685555188746,-0.16529941812785828,0.6238707178685345,0.6886568231527017
-2.938949243280395,-0.472349926386002,0.04490060016049815,0.6434483679683773,1.5152822610414138,-1.1288805300599871,-0.054900707427981775,0.5422706380827194,0.09089636986665495
-2.215685034933891,-0.5220712257283463,0.08518402698377794,0.631311111236375,1.5266762489436188,0.28790310257418134,0.4663144664911885,0.38173643510371835,0.14217766370353974
2.922899352484898,-1.9524564270512708,0.05794927081729876,0.5242724050710744,0.44592776170984894,-0.05864924678365041,0.18354603240725706,0.46542797308258343,0.6563468283260872
11.8488417184822,-0.9655267138398187,0.07826693867211819,0.6123173522180926,0.0633266014614422,-0.31154247211819863,-0.046577109622450166,0.011260741717323386,0.691544257719853
-5.877405467578797,0.44349710732208686,0.053482999313662856,0.5945999155665062,-0.12379761191411087,0.20598304011778434,-0.11177461354813834,0.5017122018884033,0.06785151763531146
-3.2393402042806736,0.28693944085568357,0.03667853797613573,0.7321176995636569,0.8170878900372244,-0.550244996926017,-0.37332346768833763,0.3743608931695107,-0.16329906593591498
4.252192725763754,-0.4604270762002612,0.07486175092734206,0.6309409897911381,-0.8585000817992615,-1.283080185151701,-0.5387306544768397,0.346628554382205,0.10483937895645047
10.135546155873381,-0.2803908897039186,0.06401508646704529,0.7382835845206406,-1.0545828049257042,1.7233915406882843,0.4074261126880427,0.3658496245403802,0.6233490837122515
9.396984798386269,1.139416809900501,0.05149971038331188,0.6376313631589448,0.23457578813587787,-2.1824279947621954,0.129001737478342,0.17437037940455521,0.1685427647977707
3.686753916927743,0.7536977864549778,0.04668341708002954,0.7556378504672838,0.2908464463505317,-0.550967711075726,-0.42558271166717476,0.31127940767932377,0.2371411377914563
-2.40348911379676,0.9411812867345491,0.05172821160898984,0.6816322374987518,1.1874633361425344,1.0956358069056185,0.3501347490891479,0.5084429301666687,0.17274381888775295
1.2566672335774238,-0.3973699898239235,0.0541951252475249,0.7287122127193649,1.3516507730582605,-0.3338264196945133,0.5310669207195575,0.07607702142200151,0.1326072655812307
7.346813390839591,1.0041120047990613,0.06718029052332464,0.6214314421293433,0.8570316970996857,0.7120018311567138,0.9047346242610018,0.29645071666690853,0.6351327518470566
-3.6740375277682435,0.4499559732025207,0.05344741057808814,0.8180221956686236,-0.02346012853600521,0.007029731719115279,-0.4822685764029768,0.5894686409810005,0.06213470084076242
-5.267110717894335,-0.5401812733542872,0.04458616162861787,0.5933513122685319,1.6050557425279455,-0.28075070863677054,0.4797597955179566,0.3340026578383482,0.08292499013984961
-4.895641239008257,-0.5735155676750118,0.06423471267041203,0.5245809443444788,2.487844487668829,1.1258347729764728,0.13871109885130667,0.35279383924178376,0.39155800157215503
2.4609503497532685,-1.5501744710827894,0.07646879907774229,0.6583437659316999,0.9897892381965383,-1.008794842010913,0.3545829190069977,0.3496003262554014,0.3010751377529332
0.7745163530290995,-0.3447362782914462,0.06967385255801263,0.5601823099579043,0.48371272615725935,0.004684565284145639,-0.46085105048563196,0.33850242550181314,0.5618701012041583
1.6246885503352764,-0.11846203416785889,0.0672027960396559,0.6218993491226752,1.019798259586431,0.2595179636581608,0.28327880037352215,0.5099506487232209,0.38982344972349575
-0.2283903163349097,0.8967703760057318,0.04251349917074171,0.7765913331921457,0.4385741452285702,0.34018638120116806,-0.6178228541131805,0.27053814364898066,0.47714174113343966
-2.120418468757118,-0.26306357047958745,0.06953492160485503,0.5591888618222539,-0.0036779001640903086,-0.03600226041358079,-0.3175332748364594,0.7270690515874653,0.21610904810709805
0.6846407756338655,0.581965103369638,0.04949221657944583,0.7255538296554731,-0.13846841806412424,0.1641539600990214,0.19407792486362413,0.43114208862868453,-0.064282823357133
-8.090552930511427,1.2550299262321738,0.07050867806128494,0.6501825359987123,0.7624025864970967,0.6798849941491132,0.3926698725923185,0.6315688390736851,-0.02308759583321729
-1.6922349129522323,-0.07277352614950518,0.04621215259639781,0.585063354780344,-0.1165772386646925,1.7023155375846661,0.17941789128723923,0.3705339677717613,0.2975616612360544
4.780876550160659,-0.9407281513528419,0.029126620152838206,0.682388830429594,0.9391816804213134,-1.1945571434082058,-0.9403935606035957,0.12714794357647213,0.7360924035376383
-7.8676460838431925,0.20133861044030374,0.04827144098188468,0.5684558783063003,0.908878652098443,-0.1427934157919716,-0.026099241491906195,0.11766364897195059,-0.5156651431122655
8.168303718537503,-0.7951160126379605,0.07679115187203202,0.6147045562502157,1.2454121960968723,-0.6246022726003652,0.2556271700017049,0.4001664637050679,0.9778520894821305
5.1677320451183855,0.9163651130006627,0.0485740973974789,0.6963605563830743,1.0375813990847484,-0.18511187462170708,0.8612898139041751,0.3508082478570533,0.45313629794672144
-2.128271096057561,-0.3953670882516445,0.07569770048285909,0.6931322812438996,1.0159772795936142,0.6409905060324931,0.101787520608277,0.6714466805679148,0.36690932686359523
4.113747870451133,1.959495336121091,0.06206769394848692,0.5799566394379821,-0.8769995513800074,0.4392277777036978,0.18791270011785713,0.7424629029855561,0.466126219834292
-7.513762000997923,1.359210077859519,0.06861540440824065,0.7778841886538813,2.1627895808390902,0.9812914837792686,0.14611633769664545,0.412650347053527,0.001506307372399679
-10.200802546337679,-0.6942563793110944,0.01883407440631959,0.7725102773972877,1.6422302631972774,1.225910845718829,-0.18245971441028175,0.5084279732641831,0.17179443063439803
-2.9929877187353204,-0.3956051183599669,0.05176128928749304,0.5743089760748695,-0.5837378751330539,1.2726955941661777,0.09746131493821417,0.2057416194008716,0.13717183938698238
-3.649118043674461,0.5003668403984072,0.08822481943506244,0.7190911467163592,1.3546210161109737,0.16952815471759242,-0.3997232222667368,0.4631183941295563,0.21645853055057399
-10.839812489160513,-0.04112796968143027,0.09876002734623435,0.6289327234388313,1.491364617977114,0.4191896966529174,-0.8438905165683851,0.5120570724785706,0.0294277037288522
3.0049372203636513,0.8261485671249988,0.05512757977416872,0.754383376685179,0.9686774291892376,-0.3867149643300928,0.656859630509027,0.10136302821321236,-0.21688987507262253
-1.80506534954382,-1.243443706850705,0.053670012448120384,0.6093119704599281,1.1534738529151096,0.692666467432379,0.6548239096322911,0.33298528115377113,0.06847429555973344
5.577538496572319,-0.5251860349124374,0.05587780026439935,0.7519124177019327,1.2754408604666287,-0.8471127267460228,1.0072144000640302,0.29653161941768313,0.22316616035022557
3.682341796438508,0.8200403380588567,0.06261337630298552,0.5599475567982148,0.5862264695745296,-1.9746328297030784,-0.6657057291228913,0.38986077573362793,0.3565903740645789
-6.762157005670497,0.31482138453430336,0.05600758017588421,0.5964180198411706,2.042875713299698,1.2309819765925987,0.9063673078231469,0.349847218211125,0.01523066202658463
2.7557561175388865,0.11380135343536789,0.08754226956079075,0.7966306094034362,1.3616152599142766,-0.7372829866314287,0.7524810071002446,0.4476818403968929,0.28187512417941774
7.549241475936653,0.09796472966175108,0.07362934946410651,0.7228469782783096,0.9369742299204312,-1.7575747556903232,-0.1416151638947516,0.6021148134500794,0.7402047808194735
0.32037401042073504,-0.4002329066195135,0.03278017284830142,0.6970074381361708,0.7415093078554376,0.43210428054781863,0.010672297384376576,0.4840071797332258,0.502209381295125
-2.5806923267518593,-0.40931844065692136,0.03169604194795006,0.6716125167476458,-0.7044891974408062,-0.4301805462059731,-0.9792811483987786,0.0391597603000895,-0.3926625824579747
-1.5020149390319286,-1.1251367882347154,0.046604074397532794,0.7254953298328,0.24663260356945704,0.547127430182712,0.531897357877705,0.26567822703584393,0.27239799047698876
-6.496410071913261,0.7963579602158544,0.040585666396867906,0.6782864300035578,1.552909791504315,0.8940463657493655,0.41420618400206033,0.7344613474680681,0.02114912800970495
4.138186739902073,1.1728825169396666,0.030306291013649372,0.6376435536905019,-0.5619865388345443,0.2574157794983478,0.5762639411193378,0.011766431084950901,-0.09534759215920985
1.2168800995218323,0.4493345850886107,0.03972296477550685,0.5969788756472977,-0.3881820308906768,0.47270310948025085,0.25722904399662805,0.3789618617798248,0.3238408108170533
-0.03469678758968042,-1.3666134677174662,0.046099302641678885,0.8065457957270917,0.6351932189941232,0.18162605206534707,-0.7352144904759784,0.33267302476347727,0.5887449686365683
-1.9202803141890148,-0.05010848941267411,0.05685511060321438,0.6891018529621336,2.271503633529056,0.35144842425684253,-0.6282524337733699,0.21646554228716097,0.6568749028501772
-0.7514864571497708,-0.38480361011794406,0.03177140986747804,0.7671338231572649,2.318594757298656,-1.198978480815866,-0.3727827311814309,0.3690138849017762,0.2993201583571189
3.329097853207025,-0.2501132014850003,0.03470546777608498,0.7679888916213728,0.14735526976465152,0.6975745046654531,0.3867744215000154,0.30042948931424945,0.2861154580567896
-2.5209156856421093,2.0484553728686192,0.035103999143445155,0.6933513986370111,0.33445450625881173,0.5650949241777901,-0.11175826161901099,0.41066013716119876,-0.13438897074935519
0.6195587618982885,0.35674708010134165,0.06921487186790351,0.7226730137132853,0.7878157746021078,-0.42901544981547723,1.0305487463295049,0.2781970279365946,-0.49643578022214563
-2.1494927709759133,0.29507951075867794,0.059463005033712345,0.6246748730112216,0.08911516581297119,0.1433938939957916,-0.1081211344336584,0.1897674861215683,-0.24837755485839702
-4.174420294809421,0.4824358154069461,0.03851891396650361,0.6463526539455514,0.36254569204573356,0.1535145654899716,0.32482348592537685,0.3059925530776222,-0.31786664908803036
-1.7136655159146001,0.22551656363217848,0.08464502011233674,0.728578640838571,2.1430591065911733,-0.7198251485234007,-0.34961888565399224,0.4325140689433752,0.5076791882331221
-0.5305716816144614,0.6759564711735548,0.07950606686489779,0.8192677067335422,1.1713442491469526,0.33232963120616255,-0.638753862400211,0.11276120875015283,0.025217975653273994
-0.286045281861111,0.04667483071857224,0.07357924531923782,0.7409674241307026,0.912325217918803,0.43196200247827915,-0.7009577256992288,0.43697179507003625,0.2760076912737255
1.9177696570780238,-0.8527673538664422,0.07510205400752411,0.5185513881552499,-0.011262827004793974,0.13504698519668473,-0.27814818792817936,0.46655161818260843,0.5949738282922309
-2.6833248395039946,1.0995149439582887,0.07964298972527731,0.6379934573751759,1.225614437794013,1.3423180681882174,0.16730822103537266,0.20969027619967281,0.22967356227249797
8.62962699390463,-0.5172937853781874,0.05128915300239211,0.6650034358271509,-0.7676976130268748,-0.8361732277476137,0.006551784439153262,0.21258094543003356,0.0843734007384899
-3.088611965958968,-0.2930615269742299,0.08449914112408993,0.6134230517094913,0.8031461409173165,0.9662828990596977,0.005351814546805661,0.2245073173881493,-0.028165846653767646
-1.3509461652311263,-0.0889208478737613,0.04246155273038296,0.7121598808091003,1.9784396387003698,-0.8900218434393116,-0.23818730530703092,0.5565171014091178,0.29672313712531034
-0.5273508466880186,0.00012257830736775444,0.06544420114305867,0.6854078014589918,0.18288204881074577,0.509683669839667,0.11181122262773309,0.33269334263744677,0.028212959319488973
4.556475702994658,1.2095301779871104,0.04570436644389445,0.5779846227760798,-0.17847894896704275,-0.1730015697954475,0.74904303194519,0.5823655284616899,0.11436927277902195
0.4251795280632783,1.1261843335938415,0.10003622504794929,0.7110745879592476,1.6134992690965624,-1.888680743502753,0.2918752040022221,0.6550003637423454,0.01940490348121998
-2.9827407517602547,-0.9008883939477039,0.04079917870955646,0.6857066570491457,1.3463527234624664,0.2920413384433182,-0.20326100825142782,0.2508917970868757,0.619998316220487
-0.24468070494273242,1.2396175575663448,0.08087091010345225,0.6205478873042851,1.7016267041926345,0.44830326902430134,0.07883395588521384,0.365372160268494,0.39797384010801234
4.640401866068045,0.9969889472211296,0.018190056684909618,0.6708710913602639,0.1596894799636157,-1.1720889482900447,0.10028440764469619,0.37163640017288024,0.43116060767902054
5.451134932523253,1.239178912288028,0.06025906657710674,0.5584371824488135,0.1515252143523962,-1.3126877241561123,0.47501620795042465,0.5104081001144564,0.15023121858952604
1.021410378015672,-0.8121637808849569,0.07214980383891065,0.8637566289676066,1.1132930484904482,-1.5638016758657183,-0.1633002148079249,0.17027377400617216,-0.14527401656856598
0.6658243552541925,1.5665569055262507,0.064584407854489,0.7961919492522604,1.499398592608479,0.13648153723037282,0.18846191934436032,0.31165155068376416,0.5586684857127489
13.533223460203178,1.0558501255936446,0.08730522438972181,0.5992730072579017,0.4535085309796093,-2.593052876206345,0.39550199794815494,0.015634239569463304,0.37956271596835
0.16643199512864582,-0.109526486122256,0.02656905963140559,0.7039171592532714,1.230515462747252,0.30743518285916865,-0.037068573745654254,-0.05130277872205863,0.16644870153717548
-2.6496018903413647,0.22590790791164136,0.07185108284678841,0.7589523625733844,1.7681744844975271,0.17659162707242598,0.18081941495819104,0.48795369157367346,0.18936153538253292
3.2080863610506327,-0.3710277946528078,0.042568891331722036,0.662027767839839,-0.44097504041315994,-0.3056647695345548,-0.06206376887578291,0.49504801486280725,0.5236399859322176
-3.002264687154784,0.03173799862474771,0.049061023692704646,0.7290365324525142,1.87270549801721,-0.11444225302183478,0.3501775462708998,0.5045064029887539,0.2359230735849824
-0.6037343472206258,-0.6062088257054987,0.0619799168187764,0.6072238485121539,1.157193473934586,-0.4957412725019279,-0.011918155608244855,0.6961016786546577,0.2625672430449949
6.403600275768673,0.954009117646303,0.04910479629324807,0.7440401147759491,-0.784377703335945,-0.7291894001392353,0.032444302143915305,0.46251519919564815,-0.03479588609644274
0.46846325996714033,1.5483224290306294,0.07148842491978344,0.664614636890078,1.6771714397984787,-0.22249731846247478,0.24845877500777036,0.1791659615424302,0.3046255834609784
-0.6016779472243616,0.310110406397968,0.05888275616775856,0.6390444421588587,0.6474273282119665,0.05798928196885331,0.7539784983299711,0.5072189280846746,-0.07033775898947914
1.0340813748741593,0.7292472934449518,0.05659710855271507,0.5353608448121362,1.045585866985025,-0.06292502463618249,-0.5045838633605677,0.05569951002308354,0.27966902935794447
4.605638161625532,-0.08539745215020515,0.036720223770518354,0.6257600625364503,-0.2904852063978177,-0.8624441294169999,1.5607715753569238,0.41534612881708605,-0.02766072338264758
1.7381127072425508,0.01145618860533597,0.03871539030941634,0.7331879473814947,1.225927639018263,-1.0695347465931966,0.014479864317273078,0.44263099978193887,0.3391454829373438
-3.405729815439904,0.2802320216629545,0.01970896810706748,0.5543987191864858,2.5459976554779917,0.3858981483459334,0.6134840596847393,0.1736853746145657,0.27842403483174905
-6.798621787972889,0.5015367342873407,0.05286779637796279,0.6794616137206316,1.8563063241672446,0.5239831086024418,0.24059517879146644,0.23725802594089213,-0.10970574380483805
0.748847008675297,1.8654860944908975,0.07870052567348239,0.7615612269708317,-0.21549380908082083,1.145441797269941,-0.036506362605376784,0.6476296580913595,0.4833994308882032
-8.414655991063736,-0.9890720459180498,0.07424034830696924,0.693056521451081,2.1229176918183685,-0.8061511471301084,-0.49869850045169406,0.6131278605716846,0.0032447759597972192
1.1000857744043717,-0.9072404731570123,0.046345527285080276,0.6878353750910544,-0.44684289790407894,0.19066960466491137,-0.19334100403750404,0.3689600886447825,0.4009270277806066
5.318106704868275,0.5783712374628617,0.04893968422992016,0.6961392706385039,-0.8300647606805652,-0.5800264032259955,0.49534574875246823,0.36774669239381036,0.145268144468592
-2.28526476019625,-0.6924436964003424,0.02911773708126832,0.5953153041658572,1.248722029676438,-0.2140613922540754,0.24160442283489664,0.31076282310909253,0.028115328921419047
-9.56753079916796,1.0389823742000095,0.03895796483709636,0.5795419688564667,1.341872807455023,1.4057003829740196,0.12752303477426183,0.276226424678647,-0.1676846854894684
-0.5490770723830893,1.6838983110666883,0.06532015886507961,0.811718760987962,-0.6003493252713897,-0.4719448705042334,0.3070212864026489,0.23488965966983075,-0.5860112228015275
5.025502607745039,-0.16931022046405036,0.02146529379806701,0.49140609613095265,-0.5995982414171613,-1.112257448806587,0.4676843487132743,0.4600335496798548,0.012996509728930433
-3.728464943936889,0.8470962791909094,0.018953524260497442,0.5964727537530212,0.37745439783793505,-0.6644476926271972,-0.2765708000723477,0.4694960768791271,-0.3811225631837628
-3.2958409771576247,-1.56669796070256,0.021183362813962686,0.7410715072623273,0.3051982332993116,0.4468579288727642,0.06854965468044068,0.3574292937409648,0.20113816241701896
-6.410764373098277,0.41416049182967557,0.07539895572260659,0.6455988103743467,0.7338794568537141,-0.7535796820434236,-0.37659158072345716,0.6989998224886047,-0.06709632502119994
1.8985297983629845,-2.2035072782431726,0.05822225602431393,0.6457112051836432,0.8612440472552009,-0.02911103121622441,0.32643491791647355,0.4896415745247131,0.510962348051289
5.1482870039433255,0.06418388296356918,0.049432765700955957,0.5331360702925882,0.11887507051236867,-0.08880996803457777,0.42481648392835286,0.1470239041592339,0.15279224309976525
-0.8049179623229599,1.3765080703457175,0.0665897336750274,0.5764863845585608,-0.11910627623456715,0.03759824225545143,-0.13070939300732867,0.4224085207773997,0.01235009909621837
-5.651182950783557,1.349790038186255,0.0834552651364753,0.6999257824671814,-0.046400892437065466,0.7459528246156527,-0.7516141066536818,0.3602884283884925,-0.318968331192088
-4.128433861975066,-0.030988892854478423,0.08479052013812617,0.7184942377222766,1.5608654408331533,-0.818337702879875,-0.8397384621575549,0.4499278601988838,0.20400983782311416
-5.085717102925123,0.7928659757778754,0.05799911240462518,0.7634901327352067,2.1510918428208163,1.2076902425584257,0.7107282308667457,0.5483258975716285,0.4327426193989858
0.4557805135810963,0.5394062922026731,0.0468075739996903,0.8326484222435282,0.32190122941857147,-0.7192257437029185,0.09000742629722644,0.28846807704925065,-0.14889608881536925
-3.2406359843596535,2.2987512275904614,0.0861442920211869,0.7568980131268016,0.3234929618489169,1.8001502035118837,0.6639566080757225,0.5461150739952377,0.26193048544787223
4.795523689569201,-0.2920633119157409,0.061333276260379294,0.6301149096043088,0.1092487471835275,-0.09403302932822488,0.02633219988413257,0.2091705800444333,0.3572039084946524
-3.4287319884735914,-0.3873789712226159,0.08784224168841659,0.6431318749994557,1.3279713949083514,-1.1386964608202814,0.6008217159888124,0.5640878606042155,0.04561375139589849
-3.077489008916504,-0.6282874381175511,0.06516075392429356,0.744207188313929,1.6788252353677016,1.0505132705524745,0.23354856175641675,0.24770502409616973,0.24454457919058678
-2.405894918568081,0.32724934613483303,0.05858811754421153,0.6863704001091202,0.07092096825724248,1.0905294110264276,-0.5314638995626899,0.5102783165787972,0.5457979345456185
-2.2883523475728005,0.7972816371526181,0.07729961879597691,0.6737899669319443,0.6907784719653367,0.1725047177281767,-0.11668925029738147,0.8186354998286203,0.3924532636870972
-5.342417313619404,0.1164889251069597,0.0656078337056768,0.7186520460866905,0.15155798197481618,0.8821015449617461,0.8326008666584168,0.7906181372936205,-0.13396108804233098
-8.479633273610451,-0.5998167765002048,0.04010446514837387,0.7318955241874812,0.18206203777610808,-0.27027426984710895,-0.4026889754754595,0.675309800998914,-0.49334167676111174
-3.9678630356193287,-0.44195019916951994,0.053251625542716584,0.6872492901187367,1.9448833880978151,-1.2781537946216908,0.6267877578103386,0.5844059888454123,0.077359475590686
0.9086816447655384,-0.3182185057402731,0.06917610730922749,0.8186901580763433,-1.2438487089939296,0.8581689740988233,0.5746864173024968,0.481837681179068,0.13167140983336617
-10.56339013055741,-0.6264474019672439,0.05544045505489884,0.5579906083561156,2.9141629432263123,-0.9839522539065709,0.1444230845007886,0.43801384475390015,-0.503495852420197
11.635542665844028,-0.2681286920232588,0.07336193927516182,0.6529293168470677,1.38054363176873,-1.1516419547867942,0.043855344607102775,0.43068309945197025,0.9324123897322781
-9.70608215193412,-0.5825321197028488,0.020647664634454443,0.5722090455695927,1.2491706624083927,0.025272235586968977,-0.01580249475186514,0.5680703499489896,-0.058423761990097606
-0.885556310817516,-0.812350420492363,0.06921584379969933,0.5907059973580098,1.113966910684388,1.1991461122506597,-0.352408361134822,0.28214970338095563,0.2946378195676696
5.169001843209389,0.2909173883336988,0.08931691107555222,0.6834322315906785,-1.0288520023666932,0.8181420755544929,-0.909141470137448,0.03303793684087303,0.4641415040835216
2.9045900067646313,-0.12231483637057036,0.07876653377496767,0.6580235174371637,-0.48611516640587993,-0.41754209043474433,0.573672545562607,0.4491296754412318,0.15057144467775724
1.0948236012094177,-1.6697479963833233,0.09069365820222519,0.6980451052966806,0.9952573244451952,-0.5454215093630823,-0.08500098339542837,0.292207678692202,-0.061039467136246056
10.531842625195901,-0.49262307581746323,0.03291554286899181,0.6957982667431631,-0.30941527509215827,-1.4104788325947162,-0.5413008854288904,0.40354249017458443,0.7152720370794104
-3.0171197635512943,-0.4919185077391137,0.06077574891912658,0.7342772408403957,-0.29901913635689714,1.5759414033422297,-0.47501666091728273,0.1799091760222552,0.0012024566738893794
-6.009004554174041,-1.0072293929709635,0.0642931788875793,0.6879189137279206,1.4146415438457611,1.2814218557518924,0.4330401692508169,0.5224587886329857,0.1889469557976995
-1.073731914456879,1.3486139549616518,0.06624639457095068,0.5876888003476836,0.5926526588874146,0.330140318918562,-0.3575398389390107,0.46484034394476975,0.10666828815742369
-2.8806846761975473,0.11816759657395534,0.012362823879475557,0.6565939374602933,0.8797777275512779,0.28419609232852994,-0.6710876318696418,0.5442608960144437,0.5368116402641352
11.554002214448017,-0.22403154853712667,0.06264719175942522,0.7747267102670503,1.4323870712711673,-1.7192645718862796,0.8253988888262521,0.18098651849868574,0.6656271838067226
-4.67117754561456,-0.3267458566306662,0.06313778181571153,0.6899835974951877,0.8553525189741533,-0.6853344963731626,-0.5421345210831855,0.5722612243734903,-0.19132592086549227
5.5625926399448,0.34440367152910245,0.06028763589930702,0.6933173289022314,0.7065614950419752,-1.1225458545501596,0.09012623920880526,0.15704860062423734,0.11796504347193171
-2.442975622488823,-0.19308969439082443,0.02164648924015098,0.5967269359447114,-0.9410253924725013,0.3220792760542196,0.6800829520557321,0.5170744033159393,-0.195969057647695
-12.0115219919422,-1.0108864243712334,0.06765296766969427,0.5268272732902268,1.5862612819968476,1.1144630057768596,-0.7950197060254652,0.40032893484318804,0.10924508340719057
-5.962252218621937,-1.0075150576757217,0.0727030067460448,0.8430665867062982,-0.15610320865289906,0.2893173266906035,-0.4549121119576514,0.278496941607445,-0.21118178126956583
2.1480907579485526,0.7102778127210099,0.05760416803224929,0.6890820878085748,1.0039892977087168,-0.8543209901228117,-0.5585440526677351,0.42924400669431395,0.45255032982068455
4.811765015180586,1.312225220856779,0.04985610760086607,0.6992089589064828,0.6089201174140606,-0.5966206853313315,0.4998582526126994,0.31041576476313293,0.060861349036171505
2.2951177005340493,-0.21558548130587915,0.05701887358980127,0.6467175441859564,0.42717903886069397,-2.0543039721217524,-0.39670797795178075,0.4450545986217118,-0.03808150200865412
-1.5209890892642326,-0.16441808716945877,0.060954763770854514,0.561326630605317,0.7463774232521424,1.2242934577172937,1.0293260778051492,0.48263029511576805,0.33160502089007526
-2.0563474826069874,0.9760000494472325,0.050119519000091727,0.666869068927617,1.2532184677729736,0.4236432803479752,-0.24816793965281198,0.07951206554906726,0.23947806107638153
8.350901084131584,-0.03167472349800002,0.047639140250519824,0.7096777694494241,-0.07596843030518574,-1.945914617994735,-0.19168810100395794,0.4525712701743969,0.27069462321070703
-5.846390639565227,1.5355401367058679,0.07372667704339345,0.7053566542215246,0.8867822505112882,1.129010021781236,-0.9273932256332702,0.43238916629829427,0.1981110568172168
14.588351406032094,-0.11979174898369882,0.05957195219127162,0.604699862264635,0.31552114758991967,-1.751486167203792,1.2119569194943676,0.36907543709194535,0.5300364484304987
7.588381597503446,-2.8098806809731327,0.0447798697467945,0.6698845390800797,1.2089697160541677,-1.2441030918908096,0.37236940038211447,0.1609171032463037,0.8863728721233339
7.010698027909212,0.29546061025799036,0.06552640991792323,0.6346639364951314,-0.1192206314378208,0.22522552850755329,-0.7968021910247555,0.23812190303450043,0.7701311029354317
2.916079502646089,0.17270144561991002,0.04804550691865238,0.826183068507254,0.7867349206623911,-0.7137469732232379,-0.5503140843259348,0.43098684828387873,0.2448271294602669
2.2257712579094004,0.9498426214433656,0.018143003159385857,0.6660408502114168,0.5227973576539677,-0.2786795724898764,0.2437615990839579,0.602480264511154,0.31183192892924705
-5.3998535728101205,0.5784545504574741,0.07042701639432143,0.6309608293563507,1.0472252442428887,0.03194719516388507,0.34252066443376306,0.5256001470397568,-0.2136145353030578
2.1053055086700123,0.7203293822717063,0.07255474187906744,0.6519637387198014,1.3933359450552505,-0.7606876373894862,0.26362477470425144,0.31600085337055933,0.09881606931353394
-6.885418743354901,0.7967652766408987,0.06500676149590184,0.6738494986761171,-0.12908062699550282,0.5192423593521622,-0.16197440871137775,0.6541841283593517,0.08474900457136855
-0.2847370393892955,0.40399180500731113,0.09249237089904036,0.6697411427688036,0.7208474616721505,-0.0610527656205298,-0.03793917971374254,0.019945028663709785,0.02729921916898767
0.7358497880443733,0.6826629520649383,0.046491613025467456,0.7446512426082232,1.049231043960825,0.8040129065958447,0.064603295933236,0.5317238571329903,0.25163103368142914
-3.7872481779298792,-0.22534900720137976,0.015863498668993656,0.5206168872612411,2.2332923718499282,-0.08216583094891453,0.10406528180212785,0.48650246025587907,0.35808234025242197
-3.742444602862222,-1.756330563977707,0.05537381038091306,0.6313825499822365,1.094949021473457,0.2053313302483673,0.11372545142250295,0.5161216110806881,0.16480724775534172
-6.714525153118908,-1.2548168162261624,0.030569085793441166,0.4109651300825558,1.0175034963829173,0.6602667876933787,-0.6654291441949725,0.14119137845691257,-0.12642348539251702
-1.7119619785863591,-0.1720215985170998,0.018378417027912902,0.5186991153853047,2.5619429467692036,-1.4624238090353368,0.024177019021559353,0.5287813100800305,0.5682072523688477
-4.012658367555722,-1.2669881654603339,0.04873179092052899,0.7996283545649616,1.0420594943711228,0.39929804106221395,0.14878336039237147,0.18375641683122534,0.02582790552604841
-0.38984327064288626,0.6728711160790859,0.07671915208296225,0.6471022610115515,0.4414460682933199,-0.23741529523789356,-0.16348227066152107,0.31358247916321785,0.2723668449012736
0.8260739245357183,-0.025384179920524524,0.04506329060309455,0.7083022574682989,1.2857010702338496,-0.7982689933589394,-0.1474767936984067,0.7107311109363219,0.7425396286742613
0.8375201337194729,1.1958363289119156,0.07245286034952533,0.6567834136060586,0.21178912884618484,0.37137048288969726,0.27114233472576277,0.4073027680355978,0.15139728188988266
-1.1050984855742434,-1.941994448481696,0.05709614444177227,0.4921349011781216,0.7569180070320835,1.2095501171132375,-0.047482160537255985,0.31839541846119845,0.3662656199885115
-0.8954786903554588,1.5506219349997687,0.03760204637380676,0.6626631962325817,1.4710545786301208,0.3351028581759418,-1.4115244118077057,0.5034734409477333,0.5338970776074559
2.714353724483185,0.035068510967836856,0.06750922361030308,0.715520350554452,1.735241846106896,0.36482943771849724,0.6150105769858815,0.38038100883482273,0.6521160132343977
1.9780914986088645,-0.2732661408167143,0.053764936442980665,0.6554914096653703,-0.33097338070820304,1.126815194042325,-0.04619091961887195,0.44626294502492553,0.3325221778118607
-1.3773907873251534,0.557968586493278,0.1056016937066002,0.7558621764093818,0.5168732911034359,0.11782987406026316,-0.22956721831644228,0.2852982543616347,0.25845734360986894
-5.19722137480567,-0.6342492126962015,0.07544695410702651,0.5326839506762395,0.4211400481128416,0.023618648312114965,0.10712017725964848,0.34307663673024624,-0.19759966067132023
1.0262984095512415,-2.25203564154298,0.05229247471916818,0.7133893248107996,0.636288241065988,0.6534793205816065,-0.7661731428285251,0.44752920129587953,0.4844585641250987
-4.472826565704562,0.6585382176683147,0.027605922815581108,0.7368745018762466,1.1698441705978193,0.30851256278453476,-1.0383572968004708,0.4515378985026986,0.3136509750376362
-6.939952126237021,-0.26261537665217727,0.03651226881862536,0.6276176722874262,-0.08250602979636079,0.33814773184909586,0.21207487457559943,0.38104148091048917,-0.4151138998034909
0.9165147943082572,-0.2969436320097247,0.027478191842209853,0.6054331288825673,1.224765687138537,-0.12823841183877915,0.03351379075356782,0.24990215729109108,0.573180350664908
2.8201519309338754,-0.26343775311745826,0.04689675023767127,0.7872882403094701,1.4433196327885418,-0.07483362763159454,0.13488990187566868,0.4411010154910141,0.6586679067554653
-14.043423203385546,1.1215470882403078,0.07697156371150451,0.5829716752450016,3.6606389223614424,0.054269321542327636,-0.40086138705195196,0.5650707371160272,0.06339360682450335
4.584640848329379,-0.6593584443717737,0.063546009168843,0.7201693329962783,1.470186111211714,-1.0783225863371366,0.5338696967469114,0.09880322737821606,0.03520535957156848
-10.36628621450771,-1.052223435649219,0.031702833749927245,0.6193693599275734,1.2940631295077893,0.4898329182302378,0.7999047241082982,0.5780515093718706,-0.6171625519848841
-4.401563331558692,0.14465166013587666,0.06436939859234081,0.7261878374817823,1.2802420456572299,-1.8932691898677665,-0.33997702886111375,0.10384004541321201,-0.3534075575911234
-0.05177461040513176,-0.304877457297951,0.060804053185747844,0.7276727649757847,1.105789371253147,-1.0185421667532428,-0.2894391605910737,0.23452574879397683,0.4733062439293993
13.632138684566602,-1.292307427173245,0.04319747485411016,0.820241987763298,0.11369919672291418,-1.6834319968902012,-0.0380943545900831,0.4011174737496537,0.7107587548145808
0.5972261870453569,0.46664997968713406,0.055952829312143335,0.6591394855155167,1.0329991819528346,-1.3237889687985636,0.1825762199323146,0.3980598672011081,0.020117132384198128
-2.177623782212276,-1.4971651613984573,0.0500530852747009,0.8100955809897007,0.03168222722793668,1.3013908376034435,0.9262964912116619,0.28141423039990765,-0.03396602528260165
-5.011496851825492,-0.5194168688985058,0.047190329273167526,0.704645233997542,1.5313123463433698,0.3662446587812035,0.30529905148012465,0.21649623041673807,-0.0705292758187196
-2.7697179492538453,-0.2504014283212987,0.009069748339799046,0.5223734118610406,1.585951199401788,0.4458484792954775,0.1722337329721613,0.38828626398941857,0.003783983863355128
-5.769294849457845,-0.5559349273603899,0.05792811560953394,0.7739581786505636,0.23771410396755177,0.912108701677868,-0.13090448893612397,0.3997895615021408,-0.3401974346672251
7.730345840903303,0.4197838329541282,0.02726453447923884,0.6853262515106877,0.10936379078038694,-1.7965832387079934,-0.38294131304012524,0.23258883703266778,0.3779538447450691
4.225275735120385,0.44175674547667665,0.0636129091468352,0.6910275729381675,0.46045697073892544,-2.0993564651722716,-0.047999143021119815,0.15277937058155325,-0.27661790705653705
8.293651028787561,0.6462639321936694,0.03408960945222905,0.7561146464959385,0.701296418267837,-0.4487290316149155,0.2886857900828479,0.2402388986908041,0.579021459089563
-0.4530226912899348,-0.199658609174629,0.08490752174415879,0.6670659706065253,0.37662607272259924,-0.0527275914112772,-0.5526954489154245,0.2874447580479764,0.31457237473070543
-8.27090064644048,-0.1887235053407787,0.06165003137466966,0.6740496903484677,-0.1401824650213207,-0.18760378576757508,-0.194140405071576,0.17214230826842927,-0.6794509970372578
8.126899181662274,1.611024569390611,0.054071244649532876,0.6025371672291039,-0.08771092610975462,-0.19702542902156578,0.15980421220314486,0.2761616254173879,0.5341679073469028
-7.98877254599603,-1.3803076318414031,0.05012262649790776,0.6404369281146651,2.2302072400905075,1.2486095970176558,-0.24225989727271724,-0.1977788831848183,-0.06884242028112292
1.8855271393063169,-0.31484746811442216,0.08224351909639244,0.7737310926573518,1.0049466497158857,-0.1365477175350236,0.4366501620268318,0.17636317849345298,0.47362326423032347
2.1459770310170554,-0.7841150713058854,0.04810936006721228,0.4806517554209875,-0.27012282637774543,-0.6578493913297248,-0.33210211103767046,0.2776221641804304,0.35302327120835253
-4.097027592500757,0.5621234391403187,0.09077906621416792,0.5898152393204229,1.9574607205117212,0.0013591670206557077,-0.7410105681928164,0.36761038038559535,0.39410486718207616
-5.112926657032129,0.6234101061387325,0.06966712976996116,0.6064528922285135,0.9123153391414496,0.8740686670946703,-1.0490521035151312,0.2821248855547065,0.08719959164491217
4.472860191049147,0.5440933307487963,0.06984809069559178,0.8687860339411134,0.8245941958806078,0.5095546504684213,0.5542582518561574,0.4293344863920351,0.6464562690250835
2.075028543668134,2.0128472966185877,0.0473937439114671,0.7432220934784746,0.3750219601170449,-1.4545882141876758,0.1187554241330051,0.5177155098916807,0.060680976018214136
-3.0951705203002042,-1.3677418751136072,0.07748987035542802,0.7523758664073918,1.354295431009843,-0.14741501187432998,0.4337123823677647,0.400401903160757,0.1797176325762361
-0.06193061348725537,-2.001550305630938,0.03966959252995102,0.6507067703434154,1.1821223106950045,0.6980093676136055,1.1074941488422696,0.4905252411327923,0.3582505635079912
0.5524668832571566,0.3148014581061265,0.0553949522786395,0.631808471194543,2.134245462843694,-0.5142035745290366,0.43097372474415935,0.4766500146648629,0.35213509638774954
7.088704722592911,-0.2851389358990086,0.04755220884598815,0.6744277458842054,1.6303423005233375,-2.0848616360985504,1.3323632268960295,0.23466781734194972,0.21724813367380305
-12.883453363823953,-1.3225893965049005,0.037900864884105476,0.5595551248467895,1.830450776370549,-0.27409571511723985,-0.7770556862441669,0.3938168780158453,-0.3084687105452196
-5.71339863450029,-0.5127131344662615,0.05403822180854869,0.6994947245657309,1.8771616638553779,-0.5703748780836916,-0.5974314387700369,0.32108107630507243,-0.049798518315389145
-3.505426318422543,1.0373417631194273,0.06635936868971667,0.6107293906628191,0.4644262391530155,0.8006045876923394,0.3196304586308435,0.5175303613183697,0.20093670525251306
-8.895559813928706,0.8487964132220797,0.06503413797833048,0.6126488656683641,1.1228842669139947,1.5508226487854375,-0.23339754795653334,0.5252414616660444,0.3461488566982309
2.541684544125377,-1.4048591606240233,0.049365698051703086,0.7571876665500366,0.7021367583268268,-0.7488775965047372,0.268519446267517,0.3466448111971049,0.2725760982644394
-7.069679442954728,-0.34609008928139223,0.03009492717883337,0.6857808479715631,1.051203252002167,1.5120000916126783,0.535522893363261,0.4669581946154949,0.20715455198587068
1.2966696720199766,-1.5478295277164766,0.07115364000287829,0.7665915326304998,1.0072801848242978,0.8000628741012865,-0.0008939833370514463,0.4781789081008978,0.7798246967876803
-3.4221373282643217,-0.07631220180732032,0.09921944594216031,0.68911371618281,1.4480930530422806,-0.6774515851314185,-0.34542260740137143,0.15683716582681365,0.057416537858729896
1.9014547763700445,0.188799878481763,0.044233270387036686,0.6421777892537885,0.814663738460064,-0.7419397844170752,-0.6691920631538614,0.5028907531083009,0.5326844029461548
-4.4457042651074925,0.28011766757066625,0.06532306748143986,0.6974623944002982,1.4948004772773786,0.10512398529229744,-0.19225286876724984,0.26435300562497516,0.10136485058682086
-2.046596976088981,-0.6134061570383256,0.0741659341916081,0.6215780956470665,0.8613102236506763,-0.3727324964706884,-0.7275722626669567,0.49956962735794447,0.3495252844730916
-5.056198281241513,-0.6738272985510451,0.06709668370981181,0.667299832144386,1.5844374874070084,0.09115597676415257,-0.37342481892685886,0.3389045722980656,0.10808886986296533
1.1249782051319814,0.397838639840838,0.04156999765575371,0.8377453766382785,-0.07057624222387027,-0.2374910138928102,0.26799738596208383,0.25124350515494903,-0.0037735168018403487
-4.305413666774008,0.07970149184094272,0.0293468182041361,0.8591099447792644,0.39604942564812157,0.2910410914915806,-0.7869066037540542,0.6168912081812374,0.27847191730010423
4.510385055920596,0.18716440476254725,0.08182728089835552,0.776226081957109,-0.19251267955080642,-0.8621968707368861,0.315728564942691,0.16955441478518915,-0.3077421989567228
-0.5779873707235514,0.04873918203249655,0.0435451360562182,0.6100219020647135,1.084260368235796,-0.16668776161631288,0.39127430177560074,0.5462252026972492,0.20974780140837354
-4.285013487719852,-0.2350932334535953,0.043923408827317455,0.6055110317073232,1.3902415212675578,1.5900273171347958,0.16293203993252,0.27572888582107263,0.2518688175527385
-4.271992703598475,-1.2208216236938743,0.041495722874148586,0.7455258599254732,1.8084202005677872,-0.6899235471124316,0.06383584500410655,0.40445947989223924,0.18593776565431816
6.4284845451305,-0.3843460135864283,0.01967908617215751,0.6466509515865659,-0.7545166566306535,-0.8162821003587799,-0.35360302042983527,0.6171498482059918,0.49116633480574035
-0.15988710506168102,-1.6638322874393099,0.06000038642832791,0.7360871152579694,1.1809467318157647,0.20192780952528416,0.7291359551151994,0.24739478725741726,0.3996012095306378
-6.343745845578248,0.48802773447746245,0.06654735090118692,0.7671624728391491,2.285882263841409,-1.3288406713547918,-0.027856508733079325,0.8554662134803415,-0.15721654873593277
0.35557235006427623,-1.9020353062188733,0.052443751094809234,0.6555172730385912,0.37749342402309294,1.453843624119973,0.4098115898586026,0.40162497639399664,0.3198112381104379
6.413911251945342,1.294337551274275,0.06050205124335278,0.7782128969708657,1.300139104026374,-1.2922342297351292,0.35128789918967823,0.24703465055832807,0.5021924353646945
3.415714195902295,0.14716404616292023,0.09389835700349133,0.6882640664458262,-0.23317763703885153,-0.6142840708364372,0.1023020117145289,0.5171197854567726,0.4313956746595779
-8.996543193340509,-0.7911550543986333,0.04592729833795493,0.791644959247821,2.235403186856194,0.6524879729892928,-0.6417371167278751,0.5264748283142642,0.22356120308756577
-0.9399579229566911,-0.5757408691076227,0.05118498796205877,0.7081476030413972,1.6900066541269214,0.11161243720865893,-0.014016729302952079,0.3727276774895923,0.5215823222694674
3.9357745734736973,-0.8789107450851295,0.041465674043002866,0.8837016325587358,0.3509082077372387,-0.5733770314258403,-0.4880607349211095,0.1344501336632213,0.1419270490924802
-5.293291207421649,0.06914984071015257,0.10166319634205537,0.6868982535147521,1.9217164080111324,-0.2360827752205114,0.0924712885896406,0.4698909349203577,0.06264399978880457
0.24482734512163407,-2.9129364280908505,0.06262292919413304,0.5808708289081643,0.3545159506571507,-0.9192522255739278,-0.591099526357341,0.25968154942436095,0.18532083284128215
4.25369421978589,-1.4792446530160865,0.08586797796991197,0.6713683325419508,-0.25449064601867366,-0.5611950371391267,0.10042170716627984,0.49348370807062214,0.3395783495598859
1.1557650627989295,0.3132468660492377,0.08472836725299344,0.6425982279064041,1.2183709321622282,-0.17800955698025417,0.48901397284605913,0.43225584700748243,0.05064679944343306
-3.8189730125054195,1.3734373684726133,0.05527126659291023,0.9114613421547147,1.6556056396237249,-0.22615269978694097,-0.684921569242717,0.04434339747939575,0.012251959496150072
-4.81043010641667,0.3667927359707057,0.09786053810293359,0.8168502188241453,0.38012305559398896,0.23446627651330537,0.4574359079924737,0.37361284866570393,-0.2311161163055948
3.271179562948113,-0.12834795045019226,0.04060007685704449,0.6515287739449972,0.38721542036897294,0.08624811174116521,0.26470278419990984,0.43631265628520177,0.5595159621753165
2.4845940165211835,-1.1904717934987348,0.06070205219548429,0.7498935866964983,0.08137888556415551,0.9778219448158216,-0.1478646913666791,0.4666806817468949,0.6481725475274123
1.5944117113386473,-0.7005737075334869,0.04260795648274477,0.7369020481236525,1.351882914971765,-0.7629684967470548,0.0856292168708275,0.21574653997605517,0.2867965788931034
12.404665231934118,-1.2950720580793473,0.04683930696493249,0.5617089304862964,-0.22058684640400006,-0.8642947920054356,0.4561265626722635,0.47886186544976,0.7124792917248549
-7.780343652502243,1.2486893775531216,0.047714524653330016,0.5849914602033442,0.9555315733637859,0.6595323476808498,-0.18312428100456526,0.39479912073661017,-0.08682901772609602
3.8806684500454773,-0.8739938896325259,0.05350604855257108,0.7292383626438849,0.6353666169358414,-0.2735190364784485,0.702774875536321,0.3576730277687954,0.2776679481000954
3.98994803488284,0.5934404107595861,0.0569077972616259,0.6654781272613302,-0.16413600147795882,0.18496371605409442,0.06689727465738261,0.27456709965440795,0.22523435434728203
1.1209085191998467,0.6408451377138459,0.047018074152734776,0.6539004848878851,1.214566208156852,-0.15172837668194672,0.8371890897897589,0.019347914762174234,-0.10007738585766629
-2.6220907205337762,0.974307933635881,0.049444399558680685,0.5002675556609084,0.7900513243240441,-0.4563708164869674,-0.03982756888569662,0.17817769369050457,-0.03137613794422173
-11.289462733342198,0.22095842766999418,0.043269187568586644,0.6836164805670714,1.1901947933201424,-0.33619517944581634,-0.25909219121043836,0.41985384810887105,-0.4006226152560137
-12.089417833289911,-1.2491470418043729,0.03090323912195719,0.5940573584499904,0.5990800055502613,1.8253031483914053,-0.13377562864816123,0.4469876914918767,-0.021226417104898615
0.14815447573286045,0.4528318120042904,0.07196411276109449,0.7535677171107282,2.2285624256195495,-0.08503619973578871,0.40583164934923094,0.5675365933520048,0.6666870865853527
4.074325442885607,0.5726852946135685,0.041411859125726355,0.7573079304781387,1.7505151794244234,-1.366812790472725,0.4982799202579432,0.3343558923558173,0.2825950924282822
-4.376154109691863,0.1802081233411203,0.04372925054782751,0.6342210602232372,0.6487304351008577,-0.19520611050969588,0.08182729118161053,0.7526433974490556,0.08224942262523254
-11.152757827344585,0.447414007445632,0.047673829138711904,0.5508901608517929,1.195872725414591,1.8945501582152824,0.6213355564470165,0.37137301659934274,-0.17620123789103975
-2.955159045960175,0.17801582148478068,0.03955476681975345,0.6546600251558489,-0.1960292715575659,0.9696509448060938,-0.16601712473539387,0.6079202877252117,0.1925363260375249
2.4936655460175,-0.4819303159415827,0.05603095392551414,0.7000201044031712,1.3413377109008362,0.5023667024833446,0.6133633601886663,0.21108423718404443,0.6049030468814415
-19.000565634843337,-0.3284126118731419,0.05577959306643158,0.4363921937653584,1.4793724928855032,2.1892296040620405,-0.12722361179664665,0.5122007374987947,-0.3825785131003281
0.7899867017144464,-0.8145003016726061,0.03283259919481038,0.7115222598124806,0.8389796854884601,0.639201762529565,-0.6533078699020113,0.08145399448072604,0.5885333538238424
8.092467223819643,1.9998676006644749,0.0819490947979567,0.7192410306095295,0.3130268330617334,-0.5012059678751581,-0.2712595720342123,0.3639509902132714,0.6327088401565941
9.814434030513615,-0.24079679275387345,0.05290842505800954,0.7178001332286609,-0.3016615269502111,-1.0498387073859559,0.3115503277699317,0.41341321765589034,0.6231783431712801
-1.7038881025096053,0.04228917196575514,0.08044834895487776,0.8169046771295798,1.3560950207040514,0.5175479575620281,-0.4188353007682348,0.3521535276390878,0.4952888697214732
1.911619273656719,0.4959121792883952,0.06859320337976127,0.5326561801762095,0.6229140034146732,0.5823683082729889,0.7970615886130226,0.12293357459698079,0.1462663977681659
-0.17371398767185342,-1.992696395480209,0.030834175760207274,0.5537140422876198,0.5598973579630115,0.7842708312052472,-0.05922486758697578,0.564098478138606,0.6026074067394069
-1.7258317523030573,-1.0047268613083127,0.04531550230753725,0.7644160036683382,0.6675570515046376,0.017707678819419287,-0.3040740158116163,0.38731034294603034,0.1685517209200176
8.12235294697147,0.65679011877574,0.06428792418104529,0.5344153782455091,0.02943367539788777,-1.1364336612146415,0.32112281396353654,0.4158234330960047,0.2949123452392479
-2.2064384455878345,-1.2398377553281636,0.07110792210219939,0.6832494692488061,0.8508856112114983,0.09814177690121197,-0.3436485613199181,0.4602113170210617,0.2896508460531393
-5.8470792567015355,-1.1132654277647687,0.042693272686366274,0.7002879928404295,0.8383760612776412,-0.045726088834433354,-0.41052213239973856,0.23571529686141157,0.20411430152863475
-0.39423804306028654,-0.045386729998970705,0.05621567920758863,0.8173891933376917,0.6367249263356929,2.002239234379794,0.44562184506752606,0.6256778882448885,0.5519833095786111
1.8689299571327895,-0.5689011243338346,0.054313115551600524,0.7655327098388001,-0.0595623087132412,0.17441001640815648,0.22377442425065408,0.47965858789785354,0.09957827502316662
7.63012257352636,-0.9645284425455456,0.026549331672774325,0.6952025587426335,0.03906324495809099,-0.5263036038675889,0.3684112899116183,0.21951807523511616,0.42956371128967796
-3.538897462063982,-0.431004254355635,0.06964456611667838,0.805376641245697,1.5298663527425487,-0.17130307368658804,-0.5591409494032314,0.4080943315869109,0.2030091366717008
-7.884460063169591,0.009685589130411554,0.09776403366313001,0.6978824676873853,0.4757347379882922,-0.5375204581684738,0.032165585662384644,0.4717582825165292,-0.42747483211854787
-6.0942644849126495,0.9485211017460783,0.012567267879977854,0.6640284665625553,0.9374438740543748,0.7215184224666432,0.35570556805111714,0.24905187838070192,-0.15941962140180227
-5.904025512563682,-0.21643084111199568,0.08126130720921959,0.5960634855950783,0.8365814149966959,-0.2713070853437355,-0.5808145206569447,0.4325259274873255,-0.19244072794544836
-3.252722055048011,-1.0154886892752002,0.06176176576044295,0.6805840225666151,0.6511221335583202,0.8488135799316038,-0.3582559183575506,0.3713499977488172,0.28865708456449574
-7.152237205601765,-0.4199989877310315,0.03467804386518618,0.6487508637207327,1.7671516916916108,-0.02002900102323564,-0.12210509009574308,0.26308046111194416,-0.20253517169137014
-8.918256834691324,0.5393275901361038,0.06330009283387275,0.6755606807164632,0.39800587698968426,2.096297735368888,0.11155253936467328,0.025144841187361433,-0.2332271137022684
-13.6102369661549,1.2821166917522162,0.0171117395256853,0.623794317501851,1.655236713633529,0.9747194586987173,0.2827841471432037,0.42413999137285596,-0.49073419795877016
-5.5384784944979755,0.7013861521896726,0.07128665251832735,0.5513644644323368,2.0630204015558915,0.6050127876382241,-0.2050593729286662,0.3021656686977924,0.08668324887343025
2.6124166589601225,-1.0777805540204697,0.03748133164522435,0.656349298861749,2.009841061848903,-0.06406257734638934,0.0875499751993463,0.11790921485516165,0.828235951461543
3.6199651174549565,0.1684541547644934,0.055675240175178116,0.7037915141496381,0.7615071020506028,-0.3769445706981127,0.41681764797135945,0.6733863809750407,0.4126270479707469
-11.608901374226903,-1.014129081052525,0.054603858632375366,0.7203221104620852,0.3265114648444682,2.568629960697963,0.7957871174335786,0.17224952456212636,-0.4200322932793441
2.5581755740887226,-0.9220194462525103,0.027436999137222064,0.5563099940234424,0.834287912122236,0.8660969405679859,0.6084407706825772,0.15966213650707264,0.47784417704197923
6.437909261345523,-0.2647133284675788,0.06516452746563343,0.7740406642000347,0.6517053062650693,-2.0938133696811114,0.4866194259661353,0.36091142644777546,0.12262177755672347
-5.582001106275508,-0.3021581099293692,0.04027001942146368,0.7512884884571565,0.8620074660211755,1.0061476034240953,-0.1083921578677759,0.3054040484997337,0.02834074494164779
5.212521580679562,-0.7395999553718935,0.018014010725429977,0.7011420583360455,0.7262599708079363,-1.4152798915608003,-0.6255131281595753,0.3302049218462867,0.318158284602229
-1.3135029117475563,0.9073013608567811,0.02796546331647368,0.6248029297853805,0.593312276375727,1.3242155951860375,-0.13582378391701785,0.13697511862725023,0.2880485514870278
0.7651265128872912,-0.10745677263797523,0.05316096597943491,0.6609557058146172,-0.15243838266151555,0.17325466350841523,-0.42149486549920306,0.29981656925763345,0.19468167023373936
1.0233114953843403,0.8555597800965656,0.06030813715591694,0.6848564499701826,0.5261480437605485,-1.2843155446458914,0.11016002717794503,0.3189405075710122,-0.23298370374721356
-9.077528147856668,-0.3156885596553836,0.02162467786458481,0.7508721855735037,1.5118356846003456,0.5038446891311141,-0.9126349458755207,0.44679849146816636,0.036346482895294824
2.9958305279438964,1.6306138325727673,0.05350209406927923,0.7733445278189229,2.2463955176468886,-0.6448190509880588,0.7950283655856588,0.41845734635316123,0.20558136654095724
-14.7697123968474,0.65218885565214,0.04069609536437901,0.8476653417219684,2.3151591419792616,0.5038420091852149,-0.530351911457176,0.36401472047486244,-0.31152937716281776
-2.397826548315223,0.26114441592751986,0.057715628232078216,0.5224458389066875,0.8909323932942217,0.32445615711924036,-0.03694774945460028,0.6358826993714353,0.18854777083224222
0.594583504389872,-0.8425530149349698,0.06111310599764426,0.7468331654143815,1.6606295518476069,-0.9026321476086033,-0.08248220673766728,0.33928779973324164,0.3915975168019184
-1.171113588431183,0.8870076077498323,0.04619441589013512,0.7145948043635322,0.6631623425212501,-0.532817069209172,-0.20411784769713462,0.37134322289368227,0.01183255986217957
2.4170726916443535,-0.9997732137676276,0.06530478569148213,0.7368674512122768,0.6557638961294591,-0.5335873812871446,-0.09069624165440826,0.18230560162483575,0.1917805232170495
-9.32495042198189,-0.8529784255233487,0.05613572440944033,0.6337020914928423,0.46001647105934707,0.7119094872185528,-0.574225791860896,0.5037288614567182,0.07869986905593182
-4.576440532858335,-0.36559405086784397,0.02538934659558593,0.7555860721638706,0.48812630381261257,1.5420863428464036,-0.23686708347119229,0.3218648237082432,0.41512755064918616
1.0107110650299997,0.4748780798642544,0.08496926988536764,0.5888316441871894,0.8538720515470724,1.114553855926057,0.800084864502983,0.4600419216904528,0.6568586583868541
-0.3167678404851406,1.5071084338869758,0.07779139964122539,0.8330442258564381,1.0921440375447975,0.1332992608873723,-0.255899837400742,0.37845931823974965,-0.0862553619715622
-2.2633221691120218,-0.7063165930777757,0.04214577650740825,0.7127379382146177,1.2688468730730018,-0.20914683392557304,0.30721810986346304,0.3692123095243388,0.16390488230678465
6.911091949372721,-0.14294712327444475,0.03921498697453721,0.6378213032094874,0.5810166348385788,0.5405397452858807,0.5762184757329712,0.25125166732473286,0.7637753706964201
-2.422375642189724,1.0127081300486924,0.03533693979852806,0.5585282946271998,0.8655054630095858,0.9863756790171143,-0.05684229363560088,0.42580802590948674,0.37905712515630224
-2.031074937973928,0.26156958904389976,0.04999299209777929,0.45065023565343953,1.0316598943577555,-0.992479224310801,-0.6242199197184806,0.2756047714987251,-0.15734309347113606
-0.1704693891569686,0.4465386884251891,0.0303790877504479,0.6704913235862295,0.9646376997383446,0.2793899758478383,0.14910396950888793,0.42031969584167306,0.3407169108025017
-1.6719862223864181,0.4010560436728275,0.0375580008178837,0.7081534897447122,-0.5068565156214887,1.0179093474428835,0.11354265014816424,0.19973769236429847,-0.00303304070880428
-0.033136601509367924,1.5197108950323601,0.06772007080074746,0.7245157657973675,0.9019743400645613,-0.7996813762663126,-0.1763143360536013,0.5507760577457584,-0.22576392304393395
-5.010435627060285,0.11843092744243412,0.06516223892032345,0.5834940028257369,1.5896554845537008,-1.019560199401623,-0.3196097219975404,0.3868096469612087,-0.11013310297097761
-0.4555254580430951,-0.34016295876913044,0.0423988893283841,0.5971955149110508,1.3737422081421347,-0.282992260006294,0.02828960326708825,0.16940393758057037,0.12873733928119607
-1.1704611089075998,-0.6651466588786517,0.07579999714847377,0.7098590379375003,2.3201679318963775,0.12181873525745729,-0.09801484199989997,0.35137627340619965,0.42605558006960326
-1.0180773908433716,0.6671113780958171,0.051910632515541164,0.8228466089516804,0.729033704946269,-0.8301642982388959,0.5166637048026093,0.5214766999196815,-0.33742135887508407
-3.969687870909027,0.14283413406380166,0.05743581251991885,0.6819987065565016,0.1597350252202865,1.0970372279116751,0.7528579447001138,0.21435310422709133,-0.12010665139894394
-5.062603809943562,0.5034274912441468,0.028531840504055588,0.6105778799301953,0.997196058454114,0.3572847119662784,-0.5544082802180633,0.23647580556253742,-0.14369290055663592
-4.788006769669985,0.5312755585491429,0.059071072304426105,0.6927629400380362,1.1019368998038803,-0.26545957027844375,-0.0835470235488276,0.32824794863082507,0.10306390159130452
1.8619350137975677,1.2701590522906074,0.032047995392876324,0.7598088306759462,0.3485529610715114,-0.2640574774198118,-0.2850514071234987,0.4356664773158495,0.3496070044074576
-4.22652412077439,1.3254746100003114,0.027534903599387303,0.847773449290272,1.2271742105153534,-0.36251099646243923,0.442818944819088,0.30098559463467,-0.2305806880532702
-8.140407701081159,-2.1827211028997766,0.05052544813718953,0.7106358604683726,1.2715324427450225,-0.2855372520659846,0.32812539026539317,0.7913956342678791,0.12067803171173375
3.7816821833197194,-1.9716894882211002,0.0698594028566689,0.6798347475047604,-0.3069218971565527,-0.032512366741576565,1.09539237651498,0.40629889020704524,0.08839483933512844
-9.851259962412591,-1.2508542805497944,0.047982238064045814,0.5749407140775917,2.5736627279480335,1.407537753951984,-0.27106911639948056,0.41358162613259186,0.23623360227285162
0.5158845947668185,-0.676337980880986,0.07585766719337092,0.7072248727532285,-0.011880587859686043,0.6037521740527548,-0.36035473565490717,0.48453437498127133,0.5865679768807572
5.157660161956634,0.047771261178936826,0.039905171785815347,0.6427609255522485,0.414765226844526,-0.9457363014890724,0.09826937412383448,0.6057707256023289,0.2325554549793943
-3.311674488964637,-0.23968944367709688,0.048411550753875376,0.7514690822777441,0.007468876888091169,0.3459506223947459,0.6399549127279186,0.5958610597604839,-0.0028428001312436335
-2.390222604516546,-0.1600175568034934,0.059039198268163555,0.8895306743185717,1.4481303851551783,0.6097420902179922,0.4062545834271127,0.24117688608593918,0.06799157739257392
-5.414333409876038,0.7404141229287566,-0.0036228025258773916,0.725148657385395,0.4099380875533871,2.2955966031053596,0.2551616464992142,0.31608612676769743,0.05660769011378905
-11.262901603363076,0.483904336933692,0.02882702421387305,0.34454077598306865,1.7670577492368704,0.8035089494869984,0.12821681176746758,0.3285666387989524,-0.13030264534781244
2.024280535923192,0.89795184718307,0.056106675335696646,0.668614580667068,-0.49513936613751597,-0.36505127410262195,-0.5585821119998015,0.30341213674469236,0.30369848927439486
-14.991781479598405,-0.05588212400380954,0.034404848715385655,0.8247337405172281,2.7486295784531034,0.6320188372667654,-0.6057911877741204,0.43977019876517387,-0.13602669577616266
7.993346538608053,1.269368418788225,0.062343546582602404,0.6216604265522825,-0.741175562137575,-0.6739160907697049,-0.15676876723881178,0.35040076555593724,0.5633341240426246
-8.550902589450445,-0.20781630133402942,0.016696589669945312,0.5427491781669396,0.7478549318930112,0.5699781369679748,0.17636425521119445,0.41394966479991235,-0.08223767051921393
5.33894522337921,1.3628365404507847,0.03990538718696372,0.6045282271768125,1.8587478553173082,-0.9037233605515663,1.0038174110812466,0.08465625367410329,0.12358316328964417
-5.548073274354893,-1.599368416279364,0.03633403823796312,0.7211744721308411,0.8570116504345501,1.8900774110503757,0.3944516745642213,0.5339421813777004,0.19644495466172632
-10.289715359727511,0.7391107213664435,0.030726893501205867,0.5508873992406809,2.204435942030186,0.9322641920041613,0.11108713792811373,0.28859948544032826,0.12624078024058327
1.6940371366056821,1.3601620115807607,0.10397596854762212,0.6908756713578377,1.5390762643749198,-0.028542606604691434,0.1830605551797297,0.3963626157725746,0.35503999232802497
-5.729318346576691,0.7721321188865359,0.06679665686098823,0.6824990614454052,0.5713327238115323,0.5990464639744204,-0.20519812403575013,0.6946255972500093,-0.06017542805659909
6.368017860283044,-1.1184674455392645,0.05695622853925364,0.7784323633136455,1.220878998087518,-0.3974794700381845,0.46103898142653066,0.16338792020713716,0.5683286487230251
2.7100476589035627,0.5126105103232828,0.07198084197348797,0.5833401603110344,0.7479684950070538,-1.2444697901955961,0.4829295830459565,0.2510319048529035,0.11989774213419252
2.512707150396027,0.11537993297041749,0.05829444279046199,0.7871613737032406,-0.14918822088932615,1.4123330308602462,0.20397743711210348,0.4652483531298989,0.5559465082973372
1.8480619204045141,-0.0034914358467699434,0.09569721871410498,0.6580317304515187,1.4282632882580917,0.3062037974239247,0.46839287786568895,0.11609894949620142,0.36415309494844517
-5.223541150077251,0.47265222935030254,0.09027306974826568,0.6149960689610956,1.8171956691124382,-0.917729180795036,-0.18921765846071137,0.43279491793666813,-0.0631903180911296
13.284114230388038,0.7934315153111723,0.08756537259608721,0.7171494531536479,0.08702463344595712,-2.400853231439858,1.038458275783777,0.17120803699551104,0.0908099041506546
0.33969361208517956,0.5458316542643074,0.05651924261272535,0.7568022160793192,0.517914087699292,-0.396544105633919,-0.9105648370987415,-0.03224853540307593,0.15339871016893536
2.3985884567546902,-0.10578469452113361,0.042771016767246685,0.6105576086679256,1.0523641789117195,0.34928107711748635,0.3125520108546444,0.41828295620404354,0.6660137966600292
-3.5595255274800417,0.10374913238171465,0.06036604170783362,0.8641926924500323,0.9788855763916199,-0.1022895431221359,-0.45694246875595923,0.2966434178130454,0.197384264420952
-2.0323741892130536,1.082043464851213,0.07772189603215873,0.7136160145639429,0.5227327415047117,0.6613778841152183,-0.5077454074528692,0.3833651674644297,0.2558812043619134
-0.8252600203372668,-0.2721901629452524,0.07461246322291674,0.5719683006716706,1.1852654821040916,0.053238507360306137,0.09887760463221294,0.12172038898525853,0.09264298282648768
-7.81084441401747,0.9924846142270558,0.01918819165800653,0.6717366758375506,0.9601500512044844,1.2640574516518166,-0.2695993508823962,0.32562984217757246,0.08528432305849805
-0.20502098693660087,0.31511876257466204,0.0906054884902622,0.5817626025452076,-0.15235391691322986,0.03208187926020867,-0.24624485290377937,0.1736232852677428,0.02564682051538003
-7.8876970397148085,-0.45656475368784816,0.05374807795040461,0.8092798548848577,2.093544087411034,0.8113877056635471,-0.018627236936199904,-0.16433116628123057,-0.18769498766845144
-6.385539153949306,-0.302227705103511,0.03463631627950206,0.7845557487727992,1.1120986758513371,0.8017421775689523,0.07523571995247769,0.32833094319148276,-0.04229209414115115
-8.482042743588702,-0.5695519162108595,0.07195304846169279,0.5383253289109541,1.43141727511206,-0.07196269016593626,-0.22197771286835566,0.35037349122059314,0.07286757668463727
-9.310764132804838,-1.4191400328006465,0.09009987262101204,0.7949875875156374,1.1393744419625755,2.804886699306244,0.14137702650383727,0.11493320675477214,0.1380877455037156
-0.2770943508891388,0.456744356165434,0.04746274492862065,0.6022555282042126,-0.5565972500712985,-0.767025775146853,0.24676877724864257,0.5812791171477153,-0.1584848275287385
-8.122409352697971,-0.06511888341730428,0.03996366976409363,0.6515230900309511,1.7394108103416508,-0.5625168640247248,1.0102099179692696,0.5816817277513526,-0.18023631538013662
2.8132088873413625,-1.3665697966586985,0.0610741198592874,0.6841955700205393,-0.4036084041893572,0.42909880741351775,-0.4814651560696536,0.46579467878005504,0.4748353386942366
-0.34084374548201585,0.1754720831988039,0.0944834436810358,0.6732835493445682,0.5647163075468663,-0.8048116144514135,0.24825218686940467,0.27441922403717045,-0.1631391147521304
2.8495293585601504,0.09717749795969458,0.05525710743672409,0.5675581759076235,-0.1528722580648031,-1.034397844632076,0.2539044688796804,0.745529723598459,0.37203756515792474
-7.782466793402209,-1.6659285146809326,0.07382448797475175,0.5377893284225324,0.4402617521553366,2.07638565065857,0.18923601747547875,0.3793363098797296,0.2289777531887925
9.684139993723674,1.120653685740336,0.043900634693828613,0.6253605331558127,0.6024284692979947,-1.221781454694598,0.03547433310461762,0.3633209956742097,0.7129400180182265
-2.1450355618230685,-0.5856744816536001,0.08273110165188668,0.7579938547767,1.7564993381484821,1.207453581251675,0.7110913538458621,0.4179263250533563,0.39316687133756373
-11.037933273358247,1.6049775100170025,0.0680929568036574,0.552257348773847,1.881570156083563,1.5273901389109241,0.4188616160453746,0.5367714363690981,-0.23688018924296922
-2.909065904815021,0.5165639255580023,0.07592750942492962,0.6403493322509636,0.29625518944362894,-0.6258662517917846,0.2754440582985868,0.4238233868202976,-0.3256444029879618
1.7781028127583611,0.5296436819617752,0.08176068976657548,0.6431462481043886,-0.29554382196159235,0.6321179092460572,0.251334597423045,0.2828783547021751,0.0420875289904111
-1.3282241195459599,0.13286403680315895,0.07223786883899953,0.7300693077344292,0.499959707276085,0.12687513210574825,-0.6810119487190572,0.3294979617090622,0.163597629133103
1.9762888636398965,-2.2221728351594363,0.06062362422677657,0.6689527199234899,1.2324555855765948,-1.6715304568282368,-0.10738210542324646,0.2774626023463873,0.16554447248713972
-9.903070738231422,-1.2370706730227798,0.04509542867684402,0.5859187989619331,1.6861141649234188,2.11215580387052,-0.639504875753426,0.28772864981763074,0.4115855116261827
6.3362366030699215,0.7154489707063016,0.06889485523267999,0.6097670946417377,-0.6139490945905576,-1.932144494941745,0.3655539776234254,0.17596419282650724,-0.22082145150271465
-5.2700077768414495,0.0620316902683212,0.06829951748407623,0.6803464266178033,1.4308876300720907,-0.47079731130462354,-0.755991470654178,0.3947666025459216,0.21758210077111403
1.4960949659670852,1.0338722004561534,0.07711990963655903,0.6459384473929402,0.006853676259127028,0.48100897158861666,0.428960164899718,0.3845817289286233,0.12945511616206365
1.1796128017881768,-0.6032312698251443,0.04430325317126542,0.6275926218992397,1.1156667261098838,-0.8764131027006938,0.3791838847563661,0.3122017492193942,0.10002509672226072
2.7145607213231315,-0.01794336545497312,0.06087309364654928,0.6546065205874556,0.06379079670684251,-1.1132115158382931,0.06770443611217425,0.4095277161055827,-0.00362928745026575
-2.753711983346556,-0.1910958730597492,0.039562868514402084,0.8717151924948914,-0.7003367091309184,3.653107240054765,0.4425055467820936,0.37609068681286073,0.5347465031117902
-0.3732879205535337,-2.2351081348165307,0.06346252352379016,0.5703025652075769,0.6015847908254004,-0.300120822080653,0.7338301227468669,0.51916843263316,0.11713526715195594
-2.9787429652903232,0.9159624630482853,0.04668724828590129,0.6740384360466586,0.16804972085901915,-0.4328690582951661,0.056538802025244736,0.5078379475505407,-0.24838676999565684
-2.7260786622707993,-1.3590709922335624,0.04432484349689682,0.6887216473715811,-0.4985585420101827,0.22003715310153474,-0.23587837972404319,0.2630249548252016,-0.13009402308968082
7.113809498311765,-1.106407980248977,0.09100215715820117,0.7537021939586792,-0.33631543345595116,-0.7923958394392572,0.2746211611395302,0.3378376182701165,0.2817711684916976
-3.5636787930306597,-0.29120942629771207,0.06512438433719561,0.5870267727742228,2.042080958117201,-0.050272759659681365,-0.07378649226801758,0.3564734968110144,0.6185137332510235
0.4829899100127654,0.46101789781365915,0.06176152245705694,0.6755640441495904,0.583155951171671,0.9926453767233379,0.29758756286212223,0.35702645458855314,0.3704242033583035
-1.891119295255932,-0.5461201134762667,0.07443812136777078,0.7206381630949615,1.5032061113101505,-0.3694501373809295,0.21683190153643278,0.3886010355771431,-0.06315881168979187
-2.873909301392645,0.37518489273512623,0.06526108962182366,0.510254917788429,0.9101022604010425,0.5203086486219075,-0.3519464283934129,0.25456455337568074,-0.11947213434464504
-1.6970973078179388,-0.6033462556572068,0.06448098743063237,0.6767213027927713,1.2898587585406205,-0.5600957993417478,-1.1877237562173897,0.3129981426945293,0.40765296555568575
-0.6414332085546084,0.8771792374866864,0.07006826207125547,0.7225780320510511,1.8366268987441132,-0.2567532895497632,-0.1212288031009302,0.20773830034488036,0.3467748489120773
-5.413432576680591,1.7978938453146924,0.09727676509305108,0.5666789905439742,-0.6288299138627084,0.08432035901397453,0.23133884993232973,0.5145363819064543,-0.5757445192737114
1.6515769266114597,-0.9005609176396601,0.0466240289725799,0.6348350312596027,1.0100639498102544,-0.3145364621799198,0.6304936676779338,0.598276910914574,0.5076511083361621
-1.4471456368004114,0.14661320378963125,0.05354559291579477,0.845081573115084,2.440873237681949,0.38145945941438775,0.3960018159218976,0.5424736261545025,0.5788229347185143
3.5379999543688316,1.6464533452440022,0.047601615609627924,0.6841351479687137,0.6635519262707468,0.7795409991057999,0.5221797707939966,0.2150257164037337,0.6598660894962838
-3.382685171831093,-0.2413314873786409,0.07824362713147057,0.8069522993767744,1.0332853194974032,0.4052956473225949,-0.24045371282836148,0.5460689432939057,0.157943373846541
-1.319575786015442,0.41715460951620525,0.08362303290372719,0.7542080779085949,1.6600590060888583,-3.060243365649503,-0.5188685206069994,0.5858513504800583,-0.5345963703104484
7.46929656646677,-0.2797286983834831,0.0650590735060163,0.6454045550730709,-0.568881999369038,-0.4819748305332153,0.11881070791039137,0.04318209408498752,0.10445235920132581
1.887842273167818,-0.5266950809573728,0.0810819731070246,0.6740503007181808,-0.06351517884707814,-0.6872733266002655,-0.08348389634498052,0.4977369004925309,0.12351452230764932
2.8895673794181502,-1.8218331994930612,0.08987949850424254,0.6716168618770675,0.6830220639209912,0.8776085437224299,-0.20329949914821696,0.3052702692590049,0.5725399847612763
0.538975891904566,-0.4247506875181296,0.07258342086225031,0.599751593715208,1.3065964906208234,0.9094047515254411,1.0537730108178414,0.16762691565949428,0.1217927004226422
9.283372910048291,-0.052553539975276446,0.016000987887280313,0.7305699993317649,0.4066823749912563,-0.46761286523235035,0.7675517085676714,0.288776501470583,0.5223623198715335
-11.952972325238395,-0.8687725373959404,0.05443631469449096,0.6734495915332431,1.060914812067419,1.7385895514438667,0.18106148253724902,0.19293548239961486,-0.06988019284552177
-7.889329023778006,-0.32124672376990426,0.056980377327296945,0.6439661949416762,1.0772155136244825,0.7791947736824836,0.12409849060282253,0.34589061413221217,-0.10703270769007889
-4.783908588001401,-0.5518447816052533,0.08654254201292008,0.8920208816670667,0.7976981165967094,-0.08957907264789935,-0.1201643927965702,0.4622227058679386,-0.04714444757013245
6.0398132872203725,0.8565702119856172,0.0620623829337939,0.4414425344228528,-0.24392679433387043,0.5078498229367363,-0.6368715140440511,0.16227703651307293,0.6800636434208815
-8.890311966252225,-0.5982596362223039,0.05271274379353786,0.49532358303581675,1.062555976034017,0.6275822920611506,0.6099772674898404,0.4101732001942885,-0.2269442205664089
-9.891578200916943,-0.20240511770533617,0.10750845041685832,0.5889916135425263,2.0903691750688838,0.970285502761438,-0.26014303489332474,0.41569928987148924,-0.07421105948301776
3.0313293695995727,-0.967028819504784,0.04245924027119378,0.6924963661925064,0.3805339344668136,-0.5381010308411205,-0.676397580821328,0.4291738254897804,0.2998522871455349
-1.3434172643222535,-1.597832309269302,0.0754030470468754,0.4287861558499497,1.6315733748530898,-0.21284664454449087,-0.8708973199859072,0.16576689911155434,0.5088840355532727
-1.3796392709078023,0.4511632624122498,0.0602742599122294,0.6682834463833772,0.1145606484372973,0.7860303926173068,0.08977435727397737,0.5459781322659745,0.3960137865113247
-8.163838650670904,-1.2843188867466486,0.06873289855907862,0.5845592949876737,1.035596092018419,0.005446946482332293,0.4203613436255192,0.7149834687358763,0.1005898078947608
2.897094720457712,-0.002085205963652151,0.02319970791873531,0.6761453425294809,0.8001612303817764,0.31733012427670815,0.009427551593091738,0.21399463943367,0.2038239172943367
-11.540556592613054,0.24378370974084934,0.0445702899654334,0.642642742631907,1.2646285386544847,2.413572063705553,0.07029314927466433,0.16667066821346813,0.3575888500361529
7.817946938799125,-0.07670437033708427,0.046603841309842825,0.6761327149861897,0.3148134957403279,0.6986510982684486,0.7387705819473634,0.2846141188374893,0.5931001450121317
-2.692513655527646,0.43413545653341534,0.08686076186722971,0.594764353679034,1.2310232390441715,0.7489012656798623,0.5558267152508573,0.5441312821289818,0.23312987235164612
-4.050417354587914,0.4657983416619171,0.06070113650438015,0.5495522680584435,-0.06861315656475397,1.0667750722062657,-0.7080578626467706,0.6448499188905636,0.39237657098638234
-2.170995054319177,0.9190380602117094,0.048143869604424405,0.7116172015460808,0.8229226002856808,-0.024854466879452808,-0.36030869352959827,0.2385304707400339,-0.03547852915067898
-0.7284109955782174,-0.9877496205915154,0.0016916571507165773,0.7854944902924047,-1.0609005005780991,0.2627514081743899,0.33143337689919394,0.18743840541591067,-0.20867050897574352
-1.4869960058017737,-0.10523175956199188,0.04559694741113603,0.6480445754350423,2.286273122552788,0.5203851236420444,0.7866093529787014,-0.012244461518623184,0.5382977601110304
2.2692392264624868,-0.8929548546820661,0.03657453823219746,0.5877663741824524,-1.2777240774838292,-0.7797995068509294,-0.09183045206550972,0.3108714332918114,-0.1346668963357593
-5.336303509862681,-0.5996162512260451,0.06083489834557998,0.5835064567356725,0.3610367135581025,0.8161777896462737,-0.010905551052355428,0.29843925056282394,0.029955468680168795
-7.626273210143653,0.3397743046501372,0.03182317980670191,0.5431165988161618,1.5835816003065832,0.9145973532664078,-0.2350553510836272,0.33321500540984916,0.09392751483784549
-15.89183882906091,-0.10716535970719333,0.080744399356111,0.618344322157292,1.6227093104048578,3.2273716194790816,-0.3885477393257217,0.4460373971825215,0.16904356909500204
0.4917147682773827,-1.5774413996771663,0.051990654764803045,0.6260677316140486,0.9465073502887439,-2.0828773341497047,-0.25647273030451506,0.3562768215015674,0.001721237151245253
10.600460528824042,0.9655907829172924,0.03759515969349263,0.6284907523646067,0.7804073748199871,-2.0691467211702754,-0.11187593666755122,0.1894299271043552,0.3217290126950847
-1.5631480267688485,-0.6347116360874464,0.05423309096166548,0.610463630017078,0.4346738099233119,-0.018284948020567057,0.30244330248022006,0.40767338078903465,0.08516200941253065
-4.200679580758021,-0.06454336061448687,0.033770091209766775,0.5859904536581203,1.2409859154836183,-0.10243968552866506,0.35352664824064356,0.541671330437377,-0.028045381121399898
-1.4930819322403184,0.5096025618492375,0.055951893419087996,0.7376869488512555,0.9741177989836164,-0.0830068723261371,-0.07366050888500691,0.5422166094474709,-0.005734686613853651
-5.602032754600156,-0.46589888692683046,0.0585734408076149,0.5843245683519999,0.7765127723125428,-0.4755217737526678,-0.4359878953281049,0.4847529690407834,-0.3468008927495615
-2.511088360776085,-1.8751639778424307,0.07250677264198245,0.6278628743342972,0.5429125439713858,0.5233810423249636,0.2566908931734931,0.35554962559483366,-0.02238425188102347
-6.655204566481635,0.7336678305293005,0.08549207382388085,0.756862080157682,0.6485666245992326,1.4402020142759167,-0.22387477914253232,0.29560035318318184,-0.1649959874021581
-1.6594320473941768,-0.07403631061097594,0.08278663455527455,0.7540995649304503,-0.3179872752805576,1.0093002405790195,-0.6765683171627752,0.5762418152318636,0.4991119293315485
3.485182193795537,-0.35830831851777256,0.03958702177926206,0.6528114305353588,0.20553348702402174,0.4783533514708107,-0.02841013827942976,0.2932670168753462,0.5425577000104367
