Obs_True,Obs_Pred_Mco,Obs_Pred_Ridge,Obs_Pred_Lasso
11.971989558892332,12.283320464197939,1.9662056152223455,1.680565525092217
-4.618504696089605,-4.1607430134411025,-4.621840954294799,-4.381436502621547
-1.6722776426132127,0.25678086745509976,-3.6857434338578074,-3.5502739150051856
-1.1870082279130605,-0.28786250439040584,-2.921583067692678,-2.8098305604545484
-4.0696887338293015,-2.8893645477735013,-3.336419701190126,-3.2560516878135473
-1.1689581148320274,-3.424789213760244,-4.376496766524474,-4.28764685445606
-2.9374291914923725,-4.006148891902541,-4.17624383641064,-4.1442239376938526
-3.571728947702418,-4.661308491334019,-7.304553845068535,-7.135702142904925
-7.605332156037568,-7.463625050726085,-6.657922835457805,-6.540219740142733
11.605238129882315,9.491019629163167,1.2817044575885874,0.9395312781763177
1.698292426206245,1.822338255494055,-0.711619652425523,-0.9511821837566039
-9.356897400663138,-8.905185763188546,-8.73790041185489,-8.417809228783208
-2.6499684228684064,-0.9817509124830237,-2.5418171929471574,-2.5564148595218166
1.4423970429317565,0.5550052802364913,-0.15437784134774102,-0.13164911648979283
-9.3965359516334,-9.828693855539559,-7.546714401426756,-7.210814944984914
-8.023109763238194,-7.287358938572908,-4.860127348383207,-4.6251056049924
-12.987679344519108,-12.301048131095662,-10.682771272563613,-9.980384704931527
-3.3681411379158614,-1.7431937191571265,-2.749824345206066,-2.748454956011133
-5.837971151690255,-6.836635533197358,-4.0318855261109,-3.882840121687348
-3.7269355098199277,-1.7104806009277076,-4.039331636231465,-4.0195086377518905
-9.369087947381912,-8.863526107013534,-7.14357429908514,-6.842173656378016
-6.216577440716734,-2.896230184812181,-6.145449558476596,-5.936894785381044
-1.7034184534525014,-3.1970053767062128,-3.7251759382126157,-3.5393455489451733
-0.07686388725757087,0.5723942794641024,1.010899238874822,0.762016063760186
0.6398953094632569,2.8360723030017096,-2.506566523778551,-2.5196082626484753
-4.55981411430193,-4.981586264691748,-3.516596236883134,-3.392722793630598
-9.212592637928426,-8.563451451620983,-5.67538474358855,-5.543558174534326
-2.5486083210492207,-1.7836630829786528,-2.924148609349052,-2.9667011414945073
1.6817058908848932,3.35981170362234,-2.5271195748612847,-2.6389594163384076
-7.244612808893598,-5.82704205359434,-4.664686777804979,-4.495327265866214
-9.10227880146688,-6.983032376368946,-4.609043873816754,-4.4656313522671915
-2.3239862313901636,-4.382529002738698,-3.600259195643415,-3.4594110507109925
-7.601854201689205,-4.5181343596622145,-6.869147593006586,-6.509551069960805
2.309053624161053,2.0227946207174754,-2.485374434265803,-2.4750653040952795
0.8592581814485167,-1.8546661809787408,-2.189697864938963,-2.1834776661067945
-1.2844574154131965,-1.2150381049424466,-4.106012822840892,-3.9433304781819545
-1.8260773109037607,-1.943511992451263,-4.2196385570674035,-4.388127453442055
6.758864211061486,3.571713077841155,-1.162596459461775,-1.0802980321947817
4.144237172795192,1.14533794824984,-0.9628734076034797,-1.12388561041296
-3.5684821799669195,-2.9610580459335996,-2.568970849170708,-2.5119533825499323
-1.8844115799774581,2.637639980546417,-2.117436886561879,-2.1338365837558873
-7.829362006822886,-8.637150086833524,-8.341071488209545,-7.835979065809658
-2.07634675714346,-2.342119905132888,-2.5950360473911207,-2.4617790962712087
-3.3547045575058347,-1.8860206027834574,-3.6455400580740522,-3.62828479254067
-6.624371297641203,-8.34179776295804,-4.974011132181273,-4.7680430128059115
-1.078960868132598,-3.0267476815289243,-3.1655857245328294,-3.078524206098049
-4.333490323009569,-6.493039350924537,-5.983104915997693,-5.694909061624086
-3.449938910331125,-3.175626655789354,-4.73320607248718,-4.724509700114206
6.018859420494492,7.0919658059728,4.3141845917998065,3.845777611432531
-20.602863378839732,-19.424920575050514,-14.649126687007518,-13.828608423215512
-3.4878418643570286,-3.419332871944975,-5.414430447606929,-5.131371847312407
4.470607879720788,4.665376419404922,-0.4229430702802668,-0.5135966503382856
-4.151055197874085,-4.3264242347553346,-7.2654928069094105,-7.1845998291701605
-2.8949300552528476,-5.326598660144009,-6.262649539909544,-6.020330056032263
0.7385919979592848,1.3506619047473594,-2.641928823539926,-2.6644895695400597
4.226525859259409,2.766936072104796,1.0711574011907867,0.8344305014789342
2.8296970794778176,5.138864528453528,0.8331722821590093,0.45084008085882177
-13.016462224167057,-12.885805722484385,-9.568714542990502,-9.116558855119399
-1.73869293626377,-1.5412617963858577,-3.639264622043933,-3.5263611708498743
2.0715068294484795,-0.32640282803735676,-4.196202135007415,-4.112168471956563
1.6832558736432444,1.4496777973810673,0.5357316486104704,0.36532302866533595
2.481817303998405,0.814258100427073,-0.5094225920678792,-0.3915215810898416
-5.931515730695315,-5.897817144682131,-7.356044768565312,-7.106934432011009
-6.0780579758035636,-5.642729168331485,-7.789607667353799,-7.4515187903806055
7.038067839290242,7.493057636887443,3.7304645667789758,3.4727155321516165
-7.615162250906975,-6.41963979725676,-4.639020548163184,-4.444634227490332
3.636260418683223,4.150614765576776,1.829577483689222,1.7839133728647782
3.645849833202199,5.262775322968812,2.763588606077649,2.5131789232238906
0.8484155925754684,-0.5642337108065131,-2.3368109366851098,-2.3760086498287634
-6.311409288421812,-5.649729470954506,-3.410528652036279,-3.3316633087431904
5.041311116278566,5.677194424992148,0.5733920385033535,0.45735257935883866
-9.618934712450804,-8.935982558752947,-7.478659094486266,-7.1875756844000325
4.933705411987295,4.818808488236723,2.391786081160676,2.0530671053482017
-11.713021350653207,-9.638511210365362,-9.06103293716047,-8.760206352691917
2.451153767145534,1.477914694483431,-2.902308444065411,-2.8421247871532005
3.2768108680927033,3.0524756655658396,-1.2718488008877171,-1.3840594162397102
-3.3772808086400827,-1.4908068143855706,-4.012217264271612,-3.913194706789682
5.38050305347357,3.0315650745046323,1.588938536153166,1.5122829413550067
9.11481206017139,8.732787840382013,4.830797337420988,4.375601912617814
-9.225135064046746,-7.349492546785035,-8.644719219369673,-8.039596421408037
3.704430785773578,4.666258667190137,-0.952971536932037,-1.0505396251133523
-1.919993086557062,-3.705842568462042,-4.925687861170654,-4.704911200029526
-7.29730291678957,-7.895353367261157,-5.451354112832375,-5.102285110718698
-1.8910807752339256,-3.228994337883752,-3.5929984757907447,-3.522955775706093
3.0819778798157893,3.4249135315737145,-0.4677605696084304,-0.42497308186989025
-2.938949243280395,-2.3507328751581538,-2.0139493931541796,-1.9273123427542194
-2.215685034933891,-3.174427269056402,-4.916755785958859,-4.726380149568882
2.922899352484898,3.5648238254007167,-1.1207371823641812,-0.9393963016211453
11.8488417184822,9.248112875991175,1.3244888615533412,1.2230559388199684
-5.877405467578797,-1.3929510819133992,-1.5732061919194715,-1.6241450619578508
-3.2393402042806736,-3.9567689698069737,-2.6898068297199993,-2.6639395938004613
4.252192725763754,4.982362973111229,3.5447941106627217,3.322392308463279
10.135546155873381,5.295733904089893,-1.311795299041807,-1.3749434916717607
9.396984798386269,9.507817725491126,5.851164508843626,5.281010066658439
3.686753916927743,2.5260228542763197,0.05192703878730276,-0.12882118797218745
-2.40348911379676,-4.681847383390224,-5.859983997084965,-5.766016844709563
1.2566672335774238,1.6664969696863614,-2.2104926457022542,-2.2227588043342075
7.346813390839591,5.553331756848909,-1.3837219423798208,-1.5895973707978608
-3.6740375277682435,-2.210664703708916,-1.8952787657237715,-1.9217384964330928
-5.267110717894335,-2.295229465292423,-3.6141307939763876,-3.4867837186061856
-4.895641239008257,-7.1275549245012275,-9.364576145860658,-8.883760720691203
2.4609503497532685,3.236181458230315,-0.14088697240165926,-0.0937351830122739
0.7745163530290995,2.2667903946216486,-1.7085998319819586,-1.644010028933999
1.6246885503352764,-0.3533594279416574,-3.0963899052053003,-3.022435831669114
-0.2283903163349097,1.7782534341197875,-2.273447126400189,-2.335905396496581
-2.120418468757118,-2.1217682427012807,-1.686670358146619,-1.6123026032947865
0.6846407756338655,-0.6738202424861671,-1.1428432239503412,-1.2778116694466914
-8.090552930511427,-4.829380619217659,-4.1889885451355475,-4.213085438337293
-1.6922349129522323,-2.0289684522542237,-4.798008845410038,-4.651976041622611
4.780876550160659,6.190977700160634,0.35174014801404896,0.3816504570171162
-7.8676460838431925,-6.833516864994493,-4.398513567499399,-4.304214797444787
8.168303718537503,8.245935719836485,0.4376792948679742,0.3958646990344965
5.1677320451183855,5.3714949414841975,0.018438159332256454,-0.2501599931115167
-2.128271096057561,-3.3463424036119673,-4.853187847346668,-4.637101954330108
4.113747870451133,4.542944717595496,1.8023966955645352,1.4027137309410462
-7.513762000997923,-8.265957790782693,-8.345191891748193,-8.163508797728406
-10.200802546337679,-9.007491919683961,-9.027538829747398,-8.550873823718021
-2.9929877187353204,-0.43189955790473045,-3.082892270442738,-3.008027312106243
-3.649118043674461,-3.9327910157708446,-4.862794098731953,-4.729908828561941
-10.839812489160513,-9.418660877144994,-7.570535954907545,-7.187189328146356
3.0049372203636513,0.2669531411531163,-1.4026104911194337,-1.6082328459664343
-1.80506534954382,-3.8768569772973316,-5.449970445025059,-5.169376738792797
5.577538496572319,4.397332651092487,0.1694573990305721,0.02871228326275954
3.682341796438508,5.442359739375476,3.2836650844608175,2.976738197975051
-6.762157005670497,-6.97083085555826,-8.039724782009793,-7.797786660225402
2.7557561175388865,3.2975536465796638,-0.39347328314059826,-0.5489456078749944
7.549241475936653,8.22239445995337,3.2915344778374025,3.0306550930944796
0.32037401042073504,0.3024180594521,-3.123310204979023,-3.0084420547199358
-2.5806923267518593,-2.6980122126229484,-1.12339852146986,-1.1039646161423549
-1.5020149390319286,1.8180867369388949,-2.2763221945983854,-2.1978888942938366
-6.496410071913261,-8.271211989157624,-6.860407435946501,-6.675239257490057
4.138186739902073,4.053048044968165,0.8904485234165582,0.5226244558922601
1.2168800995218323,3.2671449350759745,-0.16894215663952372,-0.333983734017282
-0.03469678758968042,0.7736636181909595,-3.405041836778152,-3.146191072552066
-1.9202803141890148,-2.018341779677888,-6.575894617707338,-6.279112972426875
-0.7514864571497708,-1.6284661209925506,-3.303213179702442,-3.1554903985099303
3.329097853207025,1.7070772752106866,-2.222689769606499,-2.2343774210611915
-2.5209156856421093,-4.085070096738577,-3.3216359641221773,-3.4711389734134586
0.6195587618982885,-2.4336570217053697,-1.581662427559284,-1.737305016448264
-2.1494927709759133,-2.965720231706784,-2.587776057109881,-2.6030652911412937
-4.174420294809421,-3.8696650996180737,-2.8103690124423917,-2.8521398695372326
-1.7136655159146001,-0.1660232625504401,-3.3187296301149893,-3.234030576363637
-0.5305716816144614,-3.881316060514807,-5.3481604263313685,-5.240654711430063
-0.286045281861111,-3.9074430499210657,-5.072711745666732,-4.865857263428782
1.9177696570780238,2.906235312208236,-0.9394425160377597,-0.8615405381056964
-2.6833248395039946,-3.3165033047019588,-6.351947416228782,-6.2617202788066475
8.62962699390463,5.781784534792633,3.0058445336142356,2.764881218204549
-3.088611965958968,-5.282548782021198,-6.112522393454741,-5.873021537416008
-1.3509461652311263,-2.430307061971477,-3.2404543914021184,-3.1181090543838494
-0.5273508466880186,-1.6309153038706063,-2.9424061880985035,-2.914195063889739
4.556475702994658,2.9895622484802207,1.485988325264766,1.1372727219787495
0.4251795280632783,0.7585550748624748,1.0089624123933514,0.7326554984552422
-2.9827407517602547,0.8938819282362411,-4.138695608910636,-3.9140394808673027
-0.24468070494273242,-1.503258305670807,-4.660878933437263,-4.645428656396376
4.640401866068045,7.8384927230221635,3.621369632990334,3.2060621397344797
5.451134932523253,5.5374715741966405,3.715540854058926,3.2633100163987625
1.021410378015672,0.4871125444091615,-0.41825970594257633,-0.4440418314698329
0.6658243552541925,3.1466497573745027,-2.329627286108461,-2.5086389954772605
13.533223460203178,14.365695063441791,7.722167360684757,7.03231047483394
0.16643199512864582,-0.5514632224359519,-4.274220639500236,-4.175305484940409
-2.6496018903413647,-3.86866694346002,-5.174126033049069,-5.0328461866675
3.2080863610506327,5.784461381908182,1.725590249312015,1.5764579383986357
-3.002264687154784,-2.706700224445694,-4.30748518172774,-4.193803265399697
-0.6037343472206258,-2.4513569020222663,-2.623856615532434,-2.478772552539864
6.403600275768673,3.7398930469206264,2.933132213632375,2.546528747982202
0.46846325996714033,1.7259313562218015,-2.31493757650603,-2.49336988301271
-0.6016779472243616,-1.793821404771377,-2.0730071297456467,-2.1427977319567946
1.0340813748741593,0.20713862370944014,-2.903624546171027,-2.908342468148393
4.605638161625532,6.935916999429528,4.100358927107983,3.672990222519702
1.7381127072425508,2.4286386945449436,-0.21325574482397025,-0.3024118420684403
-3.405729815439904,-3.105538752687367,-6.309383891232379,-6.134801097706527
-6.798621787972889,-6.616669892498614,-6.795020197209022,-6.615441786701821
0.748847008675297,1.2694584752839533,-1.9752030653662724,-2.174405580569336
-8.414655991063736,-7.91657618538456,-5.706312708018402,-5.331249178644105
1.1000857744043717,3.2145596292488015,-0.4034127051231311,-0.3882245263098416
5.318106704868275,7.098106533608508,3.8202727952432594,3.391792797977088
-2.28526476019625,-2.8434122379953357,-3.5713886337172904,-3.4178081307146235
-9.56753079916796,-9.133780779280324,-8.239625352000637,-8.022733854017472
-0.5490770723830893,-0.2185426151441523,1.1673141518817993,0.7410077196296143
5.025502607745039,4.616214399462535,3.7661965079997874,3.4642272219072274
-3.728464943936889,-5.2262152197207765,-1.6940934013795963,-1.767468151278911
-3.2958409771576247,-1.3024570053398987,-3.441645503069028,-3.209770354453014
-6.410764373098277,-4.338278145773845,-1.9460588853769702,-1.9351953640747772
1.8985297983629845,1.2634373475675251,-2.5382807420305946,-2.2736940746589642
5.1482870039433255,3.450936886387652,0.012949019578841092,-0.14213793836460908
-0.8049179623229599,-0.3971057545438648,-0.720254261196452,-0.9243061507535176
-5.651182950783557,-7.370003591754061,-4.853097248679599,-4.81496084046387
-4.128433861975066,-3.341222853033043,-3.5564388417406847,-3.401241132034808
-5.085717102925123,-3.904036612758478,-7.172264196772177,-7.012948013699878
0.4557805135810963,0.7476961308096537,0.024485868849798642,-0.18239603982331287
-3.2406359843596535,-1.3618423385508005,-4.326056475590857,-4.503832378510934
4.795523689569201,4.124444658410619,-0.19153663668085885,-0.2743854736988308
-3.4287319884735914,-0.02924883903823905,-0.5968496863921215,-0.6466790885872085
-3.077489008916504,-4.442833114684763,-7.381352558264275,-7.054879424602213
-2.405894918568081,-0.6662264036534631,-3.793217569521673,-3.6898216610291996
-2.2883523475728005,-1.7608238080990506,-2.557602226406159,-2.5651077406523433
-5.342417313619404,-5.103878887232797,-3.7249152611376632,-3.681055607913357
-8.479633273610451,-9.255004338803857,-3.87931362216047,-3.6715139015391083
-3.9678630356193287,-1.1692864914760122,-1.5646898073261744,-1.551776433936905
0.9086816447655384,3.1879074557384617,0.21300055763397951,0.056676974039830075
-10.56339013055741,-12.083276024001076,-7.2556640699917505,-6.876344962337244
11.635542665844028,8.512638102424924,1.3930948269413514,1.258008756261737
-9.70608215193412,-7.168219880056437,-5.186309443423317,-4.912312921387606
-0.885556310817516,-5.456915461809633,-7.440198734789741,-7.032064588683673
5.169001843209389,4.679015205688554,-0.7410981725187442,-0.830670120450705
2.9045900067646313,4.966623481315818,2.208251423889489,1.9500034285145618
1.0948236012094177,-2.9294721379508957,-3.2978662568210946,-3.052751676898252
10.531842625195901,9.880307609975313,4.432999387428735,4.178863449416982
-3.0171197635512943,-4.762439049240074,-5.9467920233562435,-5.689501862812724
-6.009004554174041,-6.685577749205374,-7.799890340411018,-7.393589845360427
-1.073731914456879,-3.3104884224741067,-3.375586604324566,-3.407944099221884
-2.8806846761975473,-1.8005512368973786,-3.8307681378651712,-3.6711012213578513
11.554002214448017,11.842244085522681,3.6682263237396486,3.3118333586012265
-4.67117754561456,-6.255755520980474,-3.322127776038156,-3.1611870201985472
5.5625926399448,4.141099821631137,1.102018463890169,0.8689357243483471
-2.442975622488823,-0.37084441971934234,0.13186488939473628,-0.0033488640489978128
-12.0115219919422,-11.115705733946204,-9.872764237948997,-9.257851773151165
-5.962252218621937,-4.07859172862629,-3.6040318292133695,-3.420748168436203
2.1480907579485526,2.279792886520801,-0.4958563936413731,-0.6048755548684144
4.811765015180586,3.0323324646273497,0.6614014693840189,0.3297700189638957
2.2951177005340493,1.99405083339837,2.5006628388069094,2.3201199035345526
-1.5209890892642326,-0.7898836799133515,-4.183313281347738,-4.098495978257242
-2.0563474826069874,-1.0839933764582255,-4.351356404157837,-4.336430676408526
8.350901084131584,7.276066586479404,4.783870171907932,4.437042897294914
-5.846390639565227,-6.648278334777125,-6.815510109464212,-6.65987593862801
14.588351406032094,13.099678133372684,6.400754919298244,5.886594302473057
7.588381597503446,10.0241606111383,1.4037362695169726,1.4952586927956197
7.010698027909212,5.790691565180476,-0.32400001187726324,-0.40328374819504464
2.916079502646089,0.3214658456599895,-1.2664817265245345,-1.2963015016790322
2.2257712579094004,1.62846451291602,-0.21834768158261686,-0.40884201262547015
-5.3998535728101205,-5.629005888608649,-3.936762090659912,-3.9020641642403047
2.1053055086700123,0.500375017779817,-1.3288998768268239,-1.459605528367891
-6.885418743354901,-2.826558365014844,-2.4452245283482466,-2.481442173687153
-0.2847370393892955,0.6064672566732987,-2.260026068065371,-2.32635495558817
0.7358497880443733,-3.6276672276649538,-5.0654846345218205,-4.970986666952811
-3.7872481779298792,-4.212675429818717,-5.452410486210576,-5.199117795360474
-3.742444602862222,-4.461529226124787,-4.977548608361618,-4.6119814513230395
-6.714525153118908,-9.150206889734552,-7.622239016388516,-7.123837759498759
-1.7119619785863591,0.7606161262063351,-1.792900503079208,-1.7243687113938821
-4.012658367555722,-3.1340937429530205,-5.08769813845578,-4.826830249449733
-0.38984327064288626,2.1130318991521673,-0.7387375591265659,-0.8748499975349504
0.8260739245357183,3.2914000277714326,-0.4705414262168981,-0.49875270768516355
0.8375201337194729,0.7102829644180846,-1.4286976563190512,-1.6120227724045093
-1.1050984855742434,-4.076409523708088,-6.58344220468658,-6.105389999482245
-0.8954786903554588,-4.702225238174027,-5.766023159608382,-5.60783616406597
2.714353724483185,2.4623653566920196,-3.480715000189923,-3.441804496519366
1.9780914986088645,-0.41109114703710903,-3.0794862730684365,-2.9908593802163077
-1.3773907873251534,1.1011108752095575,-2.0750039924328236,-2.141694589423549
-5.19722137480567,-4.181581451312127,-3.2262731057287932,-3.092343986524502
1.0262984095512415,-3.4972225825878303,-5.76002900196349,-5.25541629033148
-4.472826565704562,-4.93359512232669,-5.455444805179782,-5.261085545264503
-6.939952126237021,-5.6242689796969945,-3.2580386738519835,-3.182180582609288
0.9165147943082572,2.8229872546636927,-2.1148704122713484,-2.070939467644517
2.8201519309338754,2.6616987752036714,-2.503762997178665,-2.4536375858986297
-14.043423203385546,-12.627364203207742,-10.30381896130444,-9.896311666055038
4.584640848329379,2.2482058574864854,-0.835843898072723,-0.889256623230466
-10.36628621450771,-12.209367868484744,-7.284172934389495,-6.915318887882629
-4.401563331558692,-1.209021127218111,-0.25958640081365436,-0.3733521412660106
-0.05177461040513176,4.434840992372694,-0.07639897081953251,-0.1386501967910081
13.632138684566602,11.039652556010548,4.619628667125548,4.39477488534218
0.5972261870453569,1.3286590847501492,0.5239065255187576,0.3328457678817174
-2.177623782212276,-1.9104685782641448,-4.424876776144446,-4.234167468033165
-5.011496851825492,-5.033071462776052,-5.864583198640492,-5.635257093334982
-2.7697179492538453,-6.894709377451729,-6.315634813312808,-6.037476218156799
-5.769294849457845,-8.29429264134765,-6.109573717153282,-5.840522961338088
7.730345840903303,8.456432047596277,4.429775140794668,4.052620472015885
4.225275735120385,3.2372299242960403,3.0750105134457724,2.731114555323272
8.293651028787561,7.3526284408775116,1.0306769815661059,0.7593846156737556
-0.4530226912899348,0.6860766087070267,-2.040503996996356,-1.990362499555438
-8.27090064644048,-6.204519631120515,-2.8058999419925876,-2.763751552557816
8.126899181662274,7.917445388544715,2.2687498438651277,1.846835486029493
-7.98877254599603,-9.275486412456601,-10.91796404042345,-10.311349359379637
1.8855271393063169,5.055714604767715,-1.0981632093249523,-1.1725294332501655
2.1459770310170554,4.371637367699176,1.3351131364491873,1.2737196166047249
-4.097027592500757,-4.039058240544092,-5.705146278428959,-5.494867877630666
-5.112926657032129,-7.39453140347635,-7.035053961011224,-6.761032080634834
4.472860191049147,4.855655811435014,-1.5904550793760701,-1.72865735446551
2.075028543668134,4.192666187328243,3.192325815854019,2.689471442468973
-3.0951705203002042,-1.3813168232411186,-3.643861759200081,-3.440389907836184
-0.06193061348725537,-0.9440071681970461,-4.476318585948347,-4.183366043256832
0.5524668832571566,-0.6500103886501376,-3.1388541776311656,-3.1112499907477615
7.088704722592911,8.393042869968843,3.5410621189692573,3.1807268449634356
-12.883453363823953,-12.230913829650332,-7.9177482858980195,-7.374755557823624
-5.71339863450029,-6.565639254475732,-5.528776154610407,-5.238501176233759
-3.505426318422543,-1.6754980179660506,-3.244410360542563,-3.2972663303330214
-8.895559813928706,-6.217408225173855,-7.496180541335239,-7.254050350459089
2.541684544125377,2.9723477887208225,-0.321376173646752,-0.28790702038586513
-7.069679442954728,-5.216225080207725,-6.959375265747916,-6.683188197463815
1.2966696720199766,1.120318488849437,-4.540617423580658,-4.23271934612357
-3.4221373282643217,-1.4255086511780362,-3.039693957916797,-2.9710341366504123
1.9014547763700445,1.9135048651338384,-0.6762541704812812,-0.6978356744166712
-4.4457042651074925,-3.6513362533808316,-4.931078732120168,-4.798655151617386
-2.046596976088981,-1.8638872306342376,-2.9321109893141273,-2.74338832394523
-5.056198281241513,-5.582342472254577,-5.98135261700714,-5.663684191347519
1.1249782051319814,2.6912479723998137,0.2893617222628644,0.06363099872560873
-4.305413666774008,-3.3548785756404156,-3.7397859576281207,-3.599856895412985
4.510385055920596,2.2926476804478173,1.4586760321662857,1.183159041926206
-0.5779873707235514,-1.1450347827756016,-2.378287424697898,-2.361288026263545
-4.285013487719852,-5.915664854564227,-8.190424184829066,-7.839929390254486
-4.271992703598475,-2.313765758988142,-3.6850009503043686,-3.4583990917058784
6.4284845451305,5.903196455838081,3.1964501633689326,3.004265299550734
-0.15988710506168102,2.087210299187896,-3.0548371539678874,-2.8832142359069044
-6.343745845578248,-7.570731463283231,-3.808581977732075,-3.7139711166894838
0.35557235006427623,-2.814096711338752,-5.813476163149113,-5.430439122049961
6.413911251945342,8.153045596047278,2.2262045940480433,1.8177258417209994
3.415714195902295,6.207635405742389,2.3567847898216785,2.1009575132701435
-8.996543193340509,-9.859656902910412,-9.445466627703842,-8.899118043682613
-0.9399579229566911,-0.5014201858404692,-4.398021530279188,-4.197548612156094
3.9357745734736973,1.7981818353781507,-1.0580703559423237,-1.0292975870085117
-5.293291207421649,-4.737909478927646,-4.979517190257844,-4.819632873456752
0.24482734512163407,-0.05128979297615166,-1.430502472548719,-1.1029791931177013
4.25369421978589,4.162936819465537,1.1177969714182434,1.105890260466095
1.1557650627989295,-1.5850223162235522,-2.7138295269631594,-2.733931948574143
-3.8189730125054195,-2.7794687578466397,-4.542954269015299,-4.561440431795287
-4.81043010641667,-2.474000407493416,-2.682973606412191,-2.74886688567059
3.271179562948113,4.186211545683447,-0.5196819512515718,-0.5943672249504148
2.4845940165211835,1.5375933096939804,-3.30140244290148,-3.097205318139645
1.5944117113386473,1.9801909123119228,-1.551310791624176,-1.518456903264672
12.404665231934118,9.756531729379631,3.7174534002210646,3.541034082898349
-7.780343652502243,-6.53663543979679,-5.470064247714069,-5.394541385357943
3.8806684500454773,3.3617871133819928,-0.535509915632031,-0.5768115823453979
3.98994803488284,2.9702575331499887,-0.2755350518203996,-0.4555379416530684
1.1209085191998467,0.7671864634062961,-2.0340777543276896,-2.18982260433236
-2.6220907205337762,-0.5632826518071821,-1.4133253249824949,-1.545078217666538
-11.289462733342198,-8.3192875447201,-4.8391000454294435,-4.6875205539992315
-12.089417833289911,-10.184559340477596,-9.061261631089003,-8.523439441961289
0.14815447573286045,1.0050857153650499,-3.6419085960220063,-3.6063679877901134
4.074325442885607,3.980467726240947,0.43032629415158175,0.20257941277285907
-4.376154109691863,-3.450809671428691,-2.323175419969787,-2.289996862712012
-11.152757827344585,-9.783488862742132,-8.948288697043601,-8.654461252964095
-2.955159045960175,-3.1278443849966453,-3.5277081333161866,-3.4380746050218582
2.4936655460175,3.4024858367831285,-3.1757318780464883,-3.1143818529295504
-19.000565634843337,-17.888564082470797,-12.923823995309265,-12.250841064345925
0.7899867017144464,0.7877353732016794,-4.503407890194547,-4.261443528125842
8.092467223819643,7.530235108423806,1.9382947464095657,1.518510311218864
9.814434030513615,10.790353288019421,4.612075979283754,4.254926948506835
-1.7038881025096053,-1.308792346243782,-5.1115507822305855,-4.934661818594795
1.911619273656719,1.6520466036503088,-2.2519530966160515,-2.3596851722787155
-0.17371398767185342,-1.431584892698187,-4.483760563023044,-4.092648285175706
-1.7258317523030573,-2.227503115579361,-3.5059451252187688,-3.3038504398679827
8.12235294697147,6.6442999953022515,3.4946743338248134,3.121917211674752
-2.2064384455878345,-2.6028797486305844,-4.087399869792774,-3.80834062351506
-5.8470792567015355,-1.7169662317546224,-3.693325879036298,-3.4658662217117513
-0.39423804306028654,-2.464735215155455,-6.42838907687276,-6.213609164811158
1.8689299571327895,0.01145614289271113,-1.4614654409922636,-1.4545441360028426
7.63012257352636,7.026108574746784,1.6285129787436983,1.4942251032396983
-3.538897462063982,-4.081793663919772,-5.019093084417395,-4.7767177719299845
-7.884460063169591,-5.171929492991042,-2.3469445653749386,-2.3361657820453083
-6.0942644849126495,-4.830132138240835,-4.931546237000173,-4.911730924484161
-5.904025512563682,-6.749912727060982,-4.3283228198042485,-4.12718054838871
-3.252722055048011,-3.65990004375127,-5.55943513227421,-5.2356208717820145
-7.152237205601765,-7.833442869439477,-6.442913196315905,-6.1480759498162065
-8.918256834691324,-7.39712395389323,-8.148211792269445,-7.930772230998437
-13.6102369661549,-12.53731950541932,-8.538369693098435,-8.330660424819017
-5.5384784944979755,-7.4220197861737685,-7.628496449578785,-7.370314694581918
2.6124166589601225,3.9408410541087417,-3.5276136667084654,-3.3368470083047708
3.6199651174549565,2.221909575797954,-0.3957551136383115,-0.5021121344103274
-11.608901374226903,-10.33072478623375,-9.789130175469214,-9.356294979114724
2.5581755740887226,1.8317333108929357,-3.634542327188734,-3.490791342402861
6.437909261345523,7.039585457920353,4.118785152271743,3.7725226303368458
-5.582001106275508,-5.699930074220292,-6.437597013023874,-6.175668158674348
5.212521580679562,2.7157679932807626,0.5718870578022961,0.5589860935838362
-1.3135029117475563,-1.7491052071340125,-5.138819481115469,-5.076996125499238
0.7651265128872912,0.4265255359204685,-1.5615110295675456,-1.5579311655338501
1.0233114953843403,0.6210022208449213,1.0153907464645968,0.7421125520780423
-9.077528147856668,-9.628834075764042,-7.9953499941427495,-7.56796478233888
2.9958305279438964,0.708385594806006,-2.087261857685089,-2.308790406897413
-14.7697123968474,-12.807165405784726,-9.719892082716042,-9.349743052565378
-2.397826548315223,-4.3770168535237515,-4.0922316367916185,-3.960845539815525
0.594583504389872,1.286439828947644,-2.0447506881049073,-1.9450067756554603
-1.171113588431183,-0.7607856332846572,-1.234903253918921,-1.3639420643291493
2.4170726916443535,1.8616238029567564,-1.2552712432963486,-1.2068625314801185
-9.32495042198189,-6.6435083983842755,-5.798951668455253,-5.448711362611569
-4.576440532858335,-2.754165185291991,-6.136577782669335,-5.873917298959864
1.0107110650299997,2.7597761928952624,-3.105107592921521,-3.135960092593486
-0.3167678404851406,-4.313866319918088,-4.178397550157545,-4.228890601255037
-2.2633221691120218,-1.2167141127195216,-3.1442458099409607,-3.026035301714836
6.911091949372721,6.673069324239462,-0.9324299096939099,-1.018826064768245
-2.422375642189724,-2.401268265326408,-4.70515412612508,-4.6441274108011665
-2.031074937973928,-4.138798356514595,-2.303883498073575,-2.250337122815426
-0.1704693891569686,-0.277176717427817,-2.9763231371123577,-2.9729490350491563
-1.6719862223864181,-0.42968294607220736,-2.478920579782922,-2.540499314325986
-0.033136601509367924,-3.7890675887822907,-1.5978964713575476,-1.7636719258660256
-5.010435627060285,-4.517636629599959,-3.074911049043117,-2.987622655642277
-0.4555254580430951,-1.3120416025964912,-3.3494336707682164,-3.2441384093856938
-1.1704611089075998,-3.385758750690717,-6.3741072607274045,-6.051122730480143
-1.0180773908433716,-2.2747662188515765,-0.7235239945687153,-0.9085393713662193
-3.969687870909027,-2.0104386835574295,-3.7747900960318037,-3.7757945990729254
-5.062603809943562,-6.927381834105034,-5.696154308399635,-5.516649131930974
-4.788006769669985,-1.3810614849856218,-2.7035989988019358,-2.721665198840017
1.8619350137975677,2.536006060506579,-0.1927232632141631,-0.4128615265764042
-4.22652412077439,-2.3058060635147903,-2.4127373893003368,-2.59074014111842
-8.140407701081159,-5.223989914658695,-4.3113419423298325,-3.9307642092505812
3.7816821833197194,3.4571392323127426,0.4010876200486322,0.39931753065534803
-9.851259962412591,-11.97642837418061,-11.937807730357735,-11.215537012246447
0.5158845947668185,1.7388699443975502,-2.3054728455093096,-2.1909071036103414
5.157660161956634,2.094487849265165,0.9658569007685127,0.8213115173064631
-3.311674488964637,-1.1409965705299627,-1.7171343306312852,-1.7489177954587138
-2.390222604516546,-3.007822071245718,-5.548908957052712,-5.405415603340783
-5.414333409876038,-6.588706072432453,-7.831578726819027,-7.6325669824785525
-11.262901603363076,-9.656729480054548,-7.839450845412976,-7.541862089637375
2.024280535923192,4.406251512883127,1.4394652445459784,1.1794860106594096
-14.991781479598405,-13.880099509147552,-11.162533520436623,-10.615912268504053
7.993346538608053,9.894909878359305,4.493251029151439,4.010281593269273
-8.550902589450445,-5.829889456017092,-4.944048598959796,-4.754681106166181
5.33894522337921,3.928309428906321,-0.15543234046981702,-0.47968297873250654
-5.548073274354893,-7.478932436014434,-8.57607958638919,-8.067659258082555
-10.289715359727511,-7.486068982534315,-8.23052766036291,-7.9625958344040715
1.6940371366056821,0.49363256379943554,-2.8298768072774827,-2.9425873406085468
-5.729318346576691,-7.013757787870929,-4.911149125890857,-4.800918850253117
6.368017860283044,5.779928648329706,-0.9488114742977465,-0.9409344520586082
2.7100476589035627,4.8301521940299885,1.9444839136216205,1.6423334151259845
2.512707150396027,1.9625632013957817,-2.9997430939179766,-2.9878983907297942
1.8480619204045141,1.7561830422886708,-3.4482488461409715,-3.4228299186179036
-5.223541150077251,-4.411180046640437,-3.3990870662460293,-3.3420589341396436
13.284114230388038,12.938001597433255,7.898398902342949,7.175761310239656
0.33969361208517956,1.2855416696858293,-1.6851972754271256,-1.7485301591062883
2.3985884567546902,2.8047179267666587,-2.4158167529188046,-2.3843919062008117
-3.5595255274800417,-1.1975739488037174,-3.3310499115365606,-3.2678842510406594
-2.0323741892130536,-2.1258789904484416,-3.9441581501079326,-3.9313651440996034
-0.8252600203372668,-1.478405649055008,-3.7714224818794984,-3.6635170665809955
-7.81084441401747,-6.370194853159838,-6.84415833084841,-6.6752460659292705
-0.20502098693660087,0.7052372421317012,-1.048303402923,-1.1379688683161155
-7.8876970397148085,-7.201340240237329,-8.850997798493893,-8.49205530975594
-6.385539153949306,-6.044668374865418,-6.388036046866269,-6.140865440886335
-8.482042743588702,-4.949424128162434,-5.011941200022119,-4.7530252310118
-9.310764132804838,-8.911109027956766,-11.836896692215092,-11.209946990549419
-0.2770943508891388,0.9587251341028669,2.018815977753875,1.7513047352170674
-8.122409352697971,-4.205355088505232,-3.1054832542306166,-3.078195158435604
2.8132088873413625,1.3413118707215976,-1.7789908211484189,-1.6105098051404694
-0.34084374548201585,0.2856410452881146,-0.31437357077221617,-0.4582045225921465
2.8495293585601504,4.869060660029756,3.0953257849065996,2.8370225706708196
-7.782466793402209,-6.514014750624844,-8.255584188156798,-7.742402653680365
9.684139993723674,9.661484202719297,3.551250021295956,3.139872964453039
-2.1450355618230685,-3.037206211949673,-6.945361941926748,-6.66638943152606
-11.037933273358247,-12.236109399697423,-9.612023440067764,-9.373822605970943
-2.909065904815021,-2.1781116589909546,-0.6511299207579966,-0.7999212582094049
1.7781028127583611,0.5934445346507253,-1.5575953084257144,-1.6775468026936828
-1.3282241195459599,-2.1849286958861724,-3.3761758580198955,-3.2844709589640577
1.9762888636398965,1.6447129071797528,-0.271626461840103,-0.11519059675062682
-9.903070738231422,-9.975923728176994,-11.737459620518893,-11.023414822211555
6.3362366030699215,7.49528484386423,6.085160089122576,5.521715385158062
-5.2700077768414495,-3.3794876972017662,-3.9604430441780623,-3.800354724180886
1.4960949659670852,1.2823363288361467,-1.1314321111949548,-1.3279905892747834
1.1796128017881768,0.9844118031262967,-0.8645358183593976,-0.8807088291976224
2.7145607213231315,2.4618652040103295,1.6877576760149249,1.4861630047769299
-2.753711983346556,-2.1033259050454354,-7.799641935040331,-7.541210163831154
-0.3732879205535337,-0.5219189301721618,-1.788662697089641,-1.5831543503434091
-2.9787429652903232,-2.660275481031067,-0.8878664301326913,-1.0462093804425576
-2.7260786622707993,-2.093977094162497,-2.2056145228159947,-2.0562348809280326
7.113809498311765,6.652731697498702,2.476252032753058,2.311558449864617
-3.5636787930306597,-0.1948279751094173,-4.428137758529447,-4.235943502163319
0.4829899100127654,0.08925347337439415,-3.6867312522684648,-3.6723839194288437
-1.891119295255932,-3.9480057952596312,-4.026558682323582,-3.8736707407078623
-2.873909301392645,-6.592331192572136,-5.665611709494055,-5.478507150701994
-1.6970973078179388,-1.9404560476022426,-3.7420882568682443,-3.497115351538666
-0.6414332085546084,0.19822064442240261,-3.438318697820899,-3.459302009160122
-5.413432576680591,-4.450690052379621,-0.7697137682579593,-1.0457973588532723
1.6515769266114597,2.6035954194926503,-1.0277656224272274,-0.9930843916688148
-1.4471456368004114,-1.8050845814163514,-5.875164218788077,-5.69720563761684
3.5379999543688316,6.005458507786891,-1.205935305836297,-1.4799603492901698
-3.382685171831093,-4.65957929815219,-5.166470813661407,-4.953834597883109
-1.319575786015442,-4.26959129141599,0.9126678458143247,0.7645977190967863
7.46929656646677,6.0627931243944175,2.0878059371648194,1.848345691820676
1.887842273167818,1.6508895170457358,0.5599003694216727,0.4879843130127939
2.8895673794181502,-0.22466319758416242,-4.937878713650019,-4.575999064030967
0.538975891904566,-1.3764193851576474,-4.990516762388294,-4.867534413003845
9.283372910048291,8.21894221251207,1.9418952381917047,1.6704107443047467
-11.952972325238395,-8.349421222316831,-9.028442891470636,-8.588866400756762
-7.889329023778006,-6.87929596717278,-6.4316925046573985,-6.167230161260507
-4.783908588001401,-3.5858969433330277,-3.685260406454212,-3.54945821280202
6.0398132872203725,5.077699480386196,-0.5230699415777644,-0.6493723840403529
-8.890311966252225,-7.2314077305614095,-5.817209581858599,-5.565353506565161
-9.891578200916943,-11.539493207927073,-9.924759003944176,-9.439999407788791
3.0313293695995727,-0.03606996699875242,-1.4841690454241634,-1.355530683435123
-1.3434172643222535,-2.2084676486553882,-5.146405138611344,-4.7203885308234685
-1.3796392709078023,0.3008486040109122,-2.4693707627571673,-2.4892991323209754
-8.163838650670904,-4.559759259489372,-3.9594964585766985,-3.698906339642655
2.897094720457712,-0.6979824038988715,-3.3478499511671513,-3.288287657916569
-11.540556592613054,-6.028295934231961,-9.668018110822791,-9.30129822713927
7.817946938799125,5.6249022146970304,-1.0115253612668074,-1.1192015255300451
-2.692513655527646,-3.107073435748933,-4.7878065611177805,-4.698217409352262
-4.050417354587914,-3.6876494157984463,-4.278066856001676,-4.123734237392458
-2.170995054319177,-2.8112733216980854,-3.2916695409561396,-3.3151436006166786
-0.7284109955782174,1.1992574136909213,-0.01177313433611138,-0.08248353855796964
-1.4869960058017737,2.0653095518736557,-4.950297932627683,-4.852132086967795
2.2692392264624868,3.154024346352236,2.87486447045143,2.7027618860715212
-5.336303509862681,-3.9353348688278795,-4.742775636717406,-4.532457507826919
-7.626273210143653,-7.699186068276136,-7.636679962331453,-7.333677004127855
-15.89183882906091,-15.047421719454372,-14.679325640678895,-13.945969001434564
0.4917147682773827,1.142823267534804,1.0686674049508742,1.1039201209261704
10.600460528824042,8.15227292597956,4.206755982978837,3.7714777976540526
-1.5631480267688485,-0.7599963844364295,-1.9977452708405754,-1.9425324124732666
-4.200679580758021,-4.621621738392674,-3.7974090516782857,-3.6860178241344146
-1.4930819322403184,-4.0783740565053,-3.489456729617015,-3.450917034049584
-5.602032754600156,-7.832165248478564,-4.049589921674739,-3.8389975173192297
-2.511088360776085,-4.2619815247983635,-4.804188800002706,-4.469584092839867
-6.655204566481635,-7.852677136889223,-7.384937770291806,-7.187978974994216
-1.6594320473941768,-0.6346291298127782,-3.2889696198698606,-3.1673138354147756
3.485182193795537,3.249431394222329,-1.691551134168775,-1.673987187834681
-1.3858492342190798,0.8382789917646183,-5.162275744081134,-5.164887916009494
17.4000952661841,15.157458851179967,9.312704007237015,8.471193194045217
2.9967016485308946,3.650658782420679,2.687422577084859,2.5913507571054026
-0.7324417911459915,3.1062933507487442,-1.2743811259763929,-1.3033449589390038
-5.028809341309213,-4.038214271577042,-5.290027146749679,-5.070086952669341
-1.58258642713041,-1.0921699820618573,-2.2506495013664902,-2.24501682185727
-3.1461923108194307,-2.0478419830817622,0.545330704937173,0.29398267671070677
3.8465940899364064,4.149442260635503,-0.6556094831238701,-0.9380786938856549
-0.13218374969871505,1.2156161235688578,-1.0724758190534245,-1.1492998786212825
9.002662137668427,5.845587147524242,0.788890936843343,0.5457840954906146
-0.77527436431499,1.011628818073661,-0.752126657152801,-0.7577781806695107
-6.5645447864360325,-5.44646727707112,-5.1066308426357185,-5.081703596371305
5.418766572711157,5.6461962101150345,0.9945971988100264,0.6904982559265187
-0.20038052683942975,0.7001359436301962,-0.17588495999279274,-0.22746692120595435
-5.005447601029287,-5.961018628636516,-10.822945384736164,-10.220882557612311
7.305747584851309,6.276425605709289,0.13648986080395176,-0.06430897109307065
3.300635792473949,2.039416213525048,-1.3247065320169074,-1.5889246678902613
3.601559194854862,1.76868424767463,1.4184569298601435,1.1549987999941522
-4.277437339189944,-4.873191094340948,-6.353503356175105,-6.060700032590814
3.4261883131095345,1.6441231107964889,0.34815539386123984,0.1942426812726925
-0.49308089436669444,-1.4825989152998273,-4.02036332705563,-3.8346520929703067
-9.883068465492306,-9.884911695965025,-9.875517574188377,-9.45412143466672
4.931342054313869,2.4988976900879973,-0.25518482631272554,-0.3297475401777483
-7.370903231864901,-7.894856010000993,-6.737463964011502,-6.332292679122972
0.7120147419835139,1.1627022987203164,0.025458829000557515,0.0646834675942154
-3.7776564531324373,-3.9531665748502567,-4.721548450164791,-4.563486670656083
-5.803496364271577,-4.2327287941272616,-7.2859291680900675,-7.022858418596002
4.7816990226778655,3.1933857274725663,-0.09674759686392753,-0.05471946685764406
1.9006456016195266,1.4633421771859267,-0.2718161389266931,-0.14124878452082723
-4.014626049173373,-5.517433496531314,-6.9399489197452,-6.65283032467555
-1.6949570278091786,3.0419637832571373,0.21662208766961788,0.09178991429530337
-11.977233943866016,-9.810061700999256,-8.119512593762698,-7.711160663626847
2.6119078985596023,4.394248721745528,2.8114445071244254,2.405677523464289
0.24844502357085024,0.46548589891618675,-0.8620355388267724,-1.014629515555185
-5.198784133395911,-3.646833139756038,-6.262337586532727,-6.170902071585113
6.199020532766288,5.979945156747057,2.8465344174200022,2.3673258422930803
-3.6699934304082644,-3.394786405545996,-5.601921633683132,-5.2871325921660794
-0.298337082743452,-0.03290300813751745,-0.24461140358081357,-0.5050085545458478
-5.816030450379258,-0.6669561052536281,-1.4746992337879206,-1.489946398988296
-5.539158322376984,-5.120451589493712,-7.381026334110514,-7.108730452852567
11.15239758836981,8.013127509701091,-0.11241679173240282,-0.1616777095539197
0.11594524988208471,0.3467208347702653,-2.5892500102557623,-2.6347720073954046
-2.9404587467985417,0.2773080751017787,-2.935479873865209,-2.7774616208874434
-3.6837992711431182,-2.9873181625731373,-5.766895425988416,-5.623279044662933
8.72403371523276,7.936710538617172,1.781179363449486,1.256563005121294
-0.9675478153883628,0.32410175745759373,-2.5977171712505984,-2.4882572577962874
3.6376528906427015,3.3963652482089084,-1.4131994728233115,-1.5893750367604182
-3.7366121106548817,-2.518463438774992,-6.828194585252877,-6.564803409939417
7.860492439738339,5.480992787715717,2.542703913637563,2.374591265469205
-4.374887764787075,0.23563484330744844,-3.1219313143467873,-3.065362240851559
-5.430966058401153,-5.2562408939467495,-6.515728950943327,-6.287910935303014
1.2813787787397755,-0.8784335172938995,-1.3177921268318593,-1.2936978225357305
-8.076420142887766,-3.5023058535595886,-3.9659894447129926,-3.9250590422139093
6.122668954225497,6.362887571520766,6.107547937525295,5.647035278495531
0.006090406705586915,-1.1321743355542435,-0.3281666621359549,-0.41579834276834227
3.7713103923640863,2.4808623368481233,-3.2055691338761476,-3.1323128906659177
2.2907963123870037,4.301600148845022,0.5458412049450909,0.4833869504935957
0.38909186938664275,-2.2963148930117194,-2.3520856842488698,-2.4161008670482422
-11.14160378156195,-12.344894180185712,-9.086066346597578,-8.632823101162778
-1.0505944210842315,1.480196569832285,-1.189827233851494,-1.2943159387858347
7.604152215501957,8.616873461322676,1.4478168557845623,1.197356713675005
-5.6697439118048125,-5.766633402450118,-7.745076674760478,-7.394767238117991
4.251030073849334,2.1516052147695457,0.7893435351679563,0.7321262261947088
8.031719715408691,6.789927420483684,2.775957844307355,2.5113374226373835
-5.331593988492445,-4.99842756514686,-6.017168389914525,-5.796111751018531
1.4461141340374137,4.443089143524295,0.616139453993366,0.49092209831222733
1.7675144264346998,1.0382093390261422,-0.41809929261120193,-0.5229132652498321
6.051480774003405,7.157198873780631,5.251740499643303,4.993888623067397
7.9717721948438935,5.885710576331423,0.8644989747192091,0.691243780076995
-7.612144094647306,-7.19806214878361,-6.1981655991425075,-5.856088704053972
-0.034839046084101516,0.14398638152814325,0.19276093234859726,0.23870065707046262
-8.641667264841468,-8.980475476968248,-8.117299762909756,-7.805582499215646
2.6571703288167714,-0.3131774343869279,-3.4362484749975377,-3.324611830566879
-10.384055094240237,-5.259532646673314,-6.7901270373163864,-6.4497137002052956
-1.0701245300883413,-2.83031112488599,-4.811486056384073,-4.617639423248805
-5.766923594145984,-5.342707689064058,-5.772499341823007,-5.596129313535359
-0.22905074085814836,0.3610005954723605,-1.0971385295906664,-1.1044737840920908
-3.7515333692219386,-1.6049850443590283,-0.6034062412117969,-0.6775657346011015
-8.574254753311852,-12.668457639310068,-9.966073247554425,-9.382756375418799
-10.067424098548237,-11.056753605119535,-9.57619816100545,-9.166724486380945
-4.614654626656294,-3.3098239266668457,-4.80193652239541,-4.58322189203497
-8.058692668592123,-7.405623757105026,-3.7378574147703243,-3.7299370798701306
-6.058849933940065,-3.871352058161958,-3.087912562222848,-3.0977155999528585
1.6329112779666732,-0.6168620186826526,-1.1515572143769657,-1.3787565980702667
2.430472080382263,0.563143877992299,0.10116591556041965,-0.0298639068478066
-2.796632006426142,-2.4519748997090693,-6.2069572951598655,-6.0584883614558365
3.4719374092659256,0.6054132198986895,-0.7387989263921251,-0.8064267867423149
0.734482520523807,-0.6329376081715842,-3.3530786823011844,-3.1842290857267046
-8.779672606689633,-10.100157402097462,-9.242172666392031,-8.843039489160798
3.6127665305246834,3.586008427011367,-2.441326728704447,-2.5709299911724353
1.486964020850285,3.1450050328951673,2.1823563475499737,1.9001070208299828
-10.362402522367297,-11.117999873175876,-12.24882350929155,-11.679019424132006
-0.557709523119893,-0.17665503293636764,0.6041980956319366,0.5903881196863114
9.953230852725824,5.202391613994379,-0.18619180775032174,-0.34032480389056996
-0.6991727686139295,-0.21323261601719468,-4.555780002754716,-4.351537207118556
-3.4177806757229354,-4.679488819277918,-3.9989905997983795,-3.8711565742098335
0.5429910276699551,-0.6135126749281737,-0.8429697098593785,-1.0782697423350025
-0.750179101198406,0.333548079357163,1.527726077517094,1.3270728015483306
-3.1898398374503394,-3.9738160635753617,-2.5140533039896584,-2.3576381656359358
-8.339912232012917,-10.894295854885188,-8.046716455180041,-7.697017374329391
-3.4270290404654378,-3.523462788090591,-2.4936506671109324,-2.5629740391365496
-1.4448196694223165,-1.8557892920413166,-4.8267953280173606,-4.553977389279019
4.101218312505845,5.207570639045512,2.113728963605914,1.8119573119128165
-7.4525399349951345,-7.814183808355789,-5.646558500068759,-5.293322026490019
-8.043864369779019,-7.845251020465195,-7.733311388412092,-7.407935718892897
-2.705630679697178,-4.866450213065498,-4.095754304979844,-4.035435356760891
-0.15047697001101268,-2.2572302994132496,-4.651392795425105,-4.467738017467704
2.913155659145005,2.0590265025492207,0.22751413301701273,0.19734442230514726
2.036828160216814,2.6176104800987527,2.0385359389436135,1.8185640066956847
-3.376508938757107,-4.67022450585401,-3.0850251785726783,-3.1966612761084545
-3.0862593564490215,-2.8058399900916595,-4.713666815933687,-4.673562463858238
0.6488183270476482,-1.6583466386341015,-0.996040379164888,-0.90943195226066
0.1750701381562738,-3.0681788361654303,-4.307842315049074,-4.308246892727495
-7.036308846387464,-7.09501138081567,-7.044751058822909,-6.8849846120871305
-3.7915033730011873,-4.01668772348835,-2.9290160275043284,-2.934678844388977
3.344608765932832,5.284717425520629,-0.5295557172122295,-0.7152318767054763
0.29311849591646244,0.7955164456310433,-3.3584523880677293,-3.213031524331024
-1.12701183865848,-2.87386741025246,-3.4022109101835514,-3.180153408507376
-3.332631236353328,-3.1432280608676626,-2.9499066187560743,-2.820852504818789
1.9915252986828567,1.5968777529070568,-3.172264237473829,-3.2193950961352376
-1.6689545672279713,-2.6850832082926153,-4.507634238308505,-4.402755382867621
-1.8321665124487791,-1.5773060841181805,-2.0830876468442803,-2.0260498739471444
-4.529359761087873,-3.836108989253271,-3.2522206736393167,-3.2090979851751613
1.5210346874750436,0.5524559760049526,-1.807969488706616,-1.849735299410352
-5.237118179202448,-5.6767945310576575,-3.5997661945544364,-3.5434028765373964
-2.960513295273055,-2.3851951457284586,-4.997981231753361,-4.877167503293082
-3.56411388976737,-8.297915272651071,-7.871532826810858,-7.661811295974424
4.935922218106135,5.155174542538182,2.2078255302494845,1.8346687192116375
-8.081119029831157,-6.6974702522517795,-3.5392049527277556,-3.4026739508533868
-1.847005796965141,-2.0670351573568713,-3.3834587665727733,-3.5846828867767266
-2.9641413300480144,-0.6727488753195918,-2.33234385261127,-2.3988234814521063
-13.394469243177895,-12.531069629594432,-8.122444451151319,-7.798384983899814
-0.8942248876084368,-1.2805321976689843,-3.0916324000535784,-3.2020486999439526
-2.7216760140454177,-1.2028582643897778,-3.880000924969855,-3.7748999244811614
11.025828589319257,14.903976352888833,8.791147947761111,7.90124945940201
5.809826141815729,2.075010575127139,1.5149532698858121,1.1899935386256697
-0.6381033528425699,-2.293482548308059,-5.325397629643987,-5.208204578415787
-3.8495538649186796,-4.631880787905301,-3.87994138633499,-3.761792384069646
-7.063484792247507,-6.134177297205138,-7.363741641904497,-6.778713256539218
-0.007567397416701427,1.1889539325634066,-1.9287049826711913,-1.8736312349862192
4.401529282058476,1.7628497098887652,-0.7385107990183246,-0.7735045420798631
-1.4761166420661245,-3.3918745812948967,-6.304338075582331,-6.015660035604249
10.155200609459449,6.879173143712016,3.5562715517192793,3.2889957270102
2.424907414707755,3.3716884524334314,-0.8060125188334799,-0.8860472677023286
-5.021740235519042,-6.25553616486892,-4.4469359900642225,-4.320418516573195
-5.269387533181708,-5.9059752207861,-6.318223849523548,-6.029805464494611
-4.752575799023494,-2.292285145450317,-3.4454077954981956,-3.380621824098075
12.613523042354974,10.263289843824893,5.6788914590699076,5.0579297813178385
1.46009084211852,3.55861134301361,0.9809248307777882,0.870821322250201
11.28791436190238,12.407255064897651,5.67516009676052,5.232416681200883
-2.84960474619764,-1.1987085624296099,-6.022291884955717,-5.784043871808825
1.3082060570288874,2.1983657441412214,-2.3135782904843354,-2.511142388255979
0.4784078829717704,2.087870233609605,0.051137612122813314,-0.10437651601698561
3.592014480751576,3.5358855828178446,-4.70118216833411,-4.369260400624458
1.6333165439189905,2.2344471064806655,-1.7587863900364353,-1.9852858977216399
-11.861177325640341,-10.392303320416193,-9.146301075738416,-8.640718227631769
-5.846607143793467,-3.776224581075804,-5.40049693899787,-5.207189487530917
-0.35550196387552657,-1.0264060401917572,-4.8187948257531446,-4.600033073156327
-0.05508046801748856,-1.711337441054636,-2.2428266240219856,-2.191191933856378
-7.5803901063727315,-6.84367223115531,-3.9612350732246644,-3.8314107968505318
6.042927029015023,4.911009780483456,2.3369090488978146,1.9625773738059031
-1.5111061412331332,-1.9910596218799834,-4.759627140381913,-4.607945734492958
2.4192356591281614,1.969577652965199,-1.2890493285656608,-1.3495122353956321
-3.696025065613788,-3.867612820515038,-4.690658635402906,-4.610615791652589
2.604364943742208,2.0974267294695252,-0.5894253616679785,-0.7015266449607829
-3.33397607825186,-2.1255099567890765,-3.050807412078142,-3.0397346717881173
2.1239176678468894,2.1659806198422618,0.9979570114841589,0.6294260866331398
0.30316142257536227,-1.7005119093975956,-6.8781160001556305,-6.694651357532786
2.5518111968400516,2.3340320174341183,0.8521147966185021,0.6909547147199564
0.5810258402322677,-1.1290273979886911,-3.321692253546533,-3.3235905166981685
-4.7960847584008945,-7.650743552057804,-8.644662381117202,-8.372101769612623
5.909289359958896,3.476433479618598,-0.7148344629785017,-0.8635870933281817
6.766705741723904,9.205675084628318,4.143373839772227,3.6920446379113607
8.76229639843797,9.834510311841912,2.9716343837843078,2.689739060013561
-5.043893500499023,-4.178619079456138,-3.086960883548615,-3.207136278207336
6.432285236207889,7.565557056911501,1.638790256577202,1.483176043175639
-3.228820594296101,-1.1967648311137675,-2.8607850106311705,-2.8055421086656205
-5.693486000780631,-3.5874973657315947,-4.929379368498596,-4.770169114264034
2.8293897051194192,0.637149633410139,-2.5928544476329245,-2.4477640576376807
-4.686371092183336,-5.672513931296569,-3.8187884101886853,-3.833911222651381
4.289579032711067,2.6745468913261385,-2.4872600072038713,-2.6192833123401784
3.7873888529397144,0.9765826847095971,-2.2105539323731573,-2.3042962693181366
-5.151691556419234,-5.98166317125477,-5.985583840041004,-5.936595701223343
0.07049915640203852,1.3169531811313595,-1.7803408154321332,-1.8385560558806953
-5.813585601489519,-4.324778973998928,-3.364870682431468,-3.2740901043353428
-9.932462369628634,-11.30254965570581,-10.639645158717892,-10.13904030506469
1.6736241135807102,1.3402892063619298,-0.9403639973503071,-1.0390110771685181
7.573647849301368,7.580321096865207,2.5074732234442862,2.3643072642384895
4.412723052070575,2.8155671908914526,-2.5749166735322877,-2.664597621759482
0.29140529701929174,1.0247726947713818,-2.719758215944303,-2.711986713056173
-11.722531118452924,-10.410284705004496,-7.999963243559659,-7.5016481212539645
-5.284772442397388,-3.4824330836975927,-3.062507453135997,-3.1667899390978937
-5.981975869025963,-6.252502985107181,-5.944973676111216,-5.738956147448931
-7.309470972809367,-5.215771837689241,-4.952310778349876,-4.680990897619868
-2.7439618337536964,-4.156014759434925,-3.7418049027157525,-3.6635725341648353
-9.972971954701533,-9.648575569438075,-6.6734817112490195,-6.456281436444883
-1.0377177855780855,-1.1265110916332746,-2.45218645107291,-2.327363662619643
-1.052605711518166,-4.165127101962377,-6.154344757319054,-5.993041697869007
-5.64185379160837,-1.0962936703809918,-0.28890950860639286,-0.37720278403710017
0.5521547744275699,-2.696682103864885,-2.9660715800905906,-2.993190343533522
-5.765292208717518,-4.103246565417329,-2.9571022726496436,-2.8386376960192012
-11.057266042771472,-8.646152252272426,-9.103767154536028,-8.596874141623159
-2.3408026605116032,-1.939861727548538,-4.568895806533034,-4.3559034263368295
-1.8532745348184099,-1.695919127973665,0.6262194548995841,0.29414631791358836
1.6446747531780455,-2.4825787187666735,-3.8661320056888435,-3.686935308686877
0.9130420118142,-0.06366132774112021,-0.490697741756007,-0.46536739532354576
2.6674301164773135,4.200486622148711,1.050480543113078,0.8822898190583
0.12169075769984916,-2.8794975419343634,-3.974852132055665,-3.8644990003146753
-4.069544593512082,-4.110290367164522,-4.338149575852327,-4.284963597690028
-5.102203036036402,-2.9078191847115424,-5.341541185332243,-5.2346301067232694
7.533193764249178,6.893793620236099,-0.1857960855169224,-0.22639960750060772
-7.1063590320996,-8.050318462261739,-6.713988562151325,-6.443533699178113
-0.49838083910792114,-0.24122969187117904,-1.172568182911106,-1.175924418016959
-8.180910523556248,-8.097798604170688,-9.086710165775715,-8.740241254490517
-2.146593476075652,-3.563777193181255,-5.707093499482474,-5.478105266507223
3.0103767440408222,3.000712560604057,-1.8302707439963561,-1.8828669829422158
-6.318662434200288,-9.766913684130081,-9.066628679385776,-8.794016865951388
1.3626630013061438,0.9222270231668594,-5.140698458507355,-4.918186273697348
-3.4656452513652107,-4.115575945948842,-3.7168535224311094,-3.4427234513903904
5.2336318991178254,1.9681319488586486,-0.6542752912776046,-0.6799595090582604
-9.036327479882559,-10.039958071830933,-8.52120248443513,-8.009031411529659
9.043217982839945,8.012753683503572,4.060537216893586,3.6804592011667743
5.950981863276411,8.002190161209185,3.082019180845942,2.6657335949029597
-16.565671969675634,-15.021067745938888,-13.143298073470394,-12.537752999198283
-4.741736645668834,-5.696964037910803,-5.216372719605452,-5.044407870485732
-3.7369879920704965,-2.232268910929677,-3.5820062518738642,-3.5155243625897685
-3.6408571998046253,-3.9635849940686194,-8.342354006036716,-8.041297603133565
-7.946923226270301,-8.063742674960185,-9.004668172228792,-8.507412518221455
-0.641959406517788,-0.9676013724494061,-2.2763694317601373,-2.3804241927470526
1.649670286763791,4.247372352838928,1.4547698785830403,1.2076694496587979
-2.153583633522842,0.5491317031805081,-2.842894282040721,-2.8085436875300522
-11.77775715382451,-10.17305628894205,-8.314989289392917,-8.097287648071127
2.5881101221290104,2.9211688193009864,-1.9435607468666638,-1.9753237066317029
1.2397493401109043,1.6114501023047856,-0.1694304238038995,-0.19220293803534605
8.768405550298091,8.032662443405894,3.7168909611553205,3.265689204571801
-3.490181235521485,-3.8599536262615897,-5.58360530877548,-5.487158589134962
-9.840252004775367,-7.39916195078575,-6.86762301196722,-6.492941715706134
-3.402459056907464,-2.0884035103883023,-3.8216901107632117,-3.6574977072361654
-9.21156237350079,-9.479791758154509,-8.358495674151525,-8.08168356307014
2.2744980443234564,1.756297486861453,-1.783135753864543,-1.8636360361849027
6.944146133599916,4.670672616581751,1.1042189516172045,0.8774068859299424
11.394184786869197,10.101494644883031,2.370953454296523,2.1176739706882275
-6.583227618187131,-3.486771101498648,-2.270117671883214,-2.0524802869394696
-2.2185018435562993,-1.111327094877169,-0.33507944439311754,-0.4824534550382784
-5.429927684134956,-6.140268441583798,-5.0868965805199435,-4.878009996003698
3.459434245190247,4.733849947332651,2.860608718409766,2.5024668684936895
-15.615504356038489,-14.92665895517338,-11.108387783283527,-10.563032648540498
-1.4398127366894276,-1.5052397859421753,-6.424655915937954,-6.058789866976209
6.116290967181525,5.911217729832956,1.5263205165351406,1.2287717171125148
5.915505926129485,5.542760125228613,-0.04016525853954045,-0.12448806049738392
-4.852529533135267,-2.2442522025500913,-7.692644046964061,-7.4574164834262255
-1.8911247324883422,-2.983733988462538,-2.2460032622793697,-2.300742106812541
3.163446668679107,0.6568485967075692,-3.173679137392362,-3.1397894521577268
11.290175944204666,8.177866112519816,3.3798285952460856,3.1105673654163124
0.30080308592632665,-1.409980060485013,-1.3796157964946105,-1.4316248163985472
-2.4309947713504574,-3.046329421842772,-3.031288809167286,-3.149400480757601
-8.277598168126039,-5.609740715356153,-4.5746022570832805,-4.490876364993738
1.6269180731480082,3.265360017064689,-1.2505284209232301,-1.433327585159763
2.1313694691843263,1.5710896953012674,-2.681118085337531,-2.553304986904024
4.640115843218477,4.424261045356765,1.3480265480230096,1.1996816742375414
-5.3518437199450055,-2.7701145188341663,-4.63290678429383,-4.577763308627672
-4.295470014199529,-2.054753669272706,-1.6451832900041312,-1.6375174422920746
-8.058181233414075,-9.071003646425552,-8.5183458172738,-8.02830066001692
-0.9713639697717706,-3.6271660880014975,-4.283055827377018,-4.0938281565979615
-4.441815887981505,-5.777643704392391,-6.178206509533348,-6.13844680427216
2.9566976125660798,2.5980597369189726,-0.5110802349698287,-0.5989634342178138
-3.366507448322627,-3.530359026731421,-2.5863694308432432,-2.6694479979625383
12.672499739970561,14.707400446009533,7.216823382301097,6.7441172755268255
-1.97469150019619,-2.0116224478888327,-3.211103232218907,-3.1468061196584105
-2.9370086895596654,1.8624892164854159,-1.52903331011315,-1.5225158122920188
-2.505757902908394,0.8418990656748286,-2.571017530673874,-2.4369629330991294
9.474244364232627,9.993727833220778,3.8578136078792915,3.2526809251661066
-1.50505524068349,-0.8400020096532379,-3.0998305228786007,-3.071043352757514
2.638416069658758,-0.7345256390607574,-4.146162974172514,-4.064580811617029
-0.006287924133408507,0.37316886264366056,-1.3205303426009107,-1.5066342121278369
-0.7239429949084863,1.7392263066783324,-1.0498586001453536,-0.9835801683444911
5.954124839775174,8.098677183848261,3.1226702590629256,2.834801845475081
1.483861904888398,2.5687303941491955,-0.5926679001529245,-0.628411576573199
-7.528489993785422,-4.132836328700348,-8.307379440773083,-7.862048370030632
-2.1834896612540873,-0.8370637216058674,-3.168405974515799,-3.1619411249389286
-10.32289643498978,-10.875266285995712,-8.222189103416197,-7.730846270993418
-10.081337251116578,-9.607872393922406,-8.067400622299035,-7.801669676309942
11.480485519313866,7.460704255793724,4.383895341815695,3.881571460173007
8.67899331659148,5.025489292753619,1.655863064086541,1.3464527233658368
0.3165141234939681,-1.0308356839137103,-5.527955151779654,-5.334004920338112
1.962902886285263,1.9527933598276124,-2.521341497311848,-2.5782442504897642
0.05916065486044131,1.4047987915393711,-1.5759731055457464,-1.5954975401165652
3.3574515780780345,0.03121499445484832,-4.222008149829278,-4.266654019023743
3.9811664357340817,2.4188972751202344,-1.9228094091090464,-2.137123809895283
-4.6183678477328,-1.9404120277615116,-1.111724753656141,-1.2419683561934203
-11.537216334676119,-9.37939712961354,-6.770966167072418,-6.384156784779655
-1.7281630151424807,1.0060065780435556,-1.9701802168356495,-2.1350984037320027
2.159968975203623,2.431623884274971,-0.6139015409352321,-0.5821815578849243
-7.764256335574281,-7.011336343615058,-9.409200188335586,-9.005594525411668
-9.34788419645085,-7.617597668029264,-6.513803157638167,-6.041484748360309
-6.126841421235216,-7.356076651452225,-4.97531001084025,-4.710501297498409
-3.9643410190623833,-3.6879449254020704,-8.157797577363793,-7.86866561430174
1.4366639195687756,0.4477177412240523,-0.3876916318613306,-0.5457120301981173
8.097278926226016,5.720169208391953,-1.6149441089807204,-1.6852466907625674
-0.5309859945604138,-0.31898325169644703,-3.3260237658852723,-3.1135069456289073
-7.46515366808918,-6.814961749179282,-6.440762605147389,-6.1541230936898135
-2.5263897523226055,-5.509621473665241,-6.882953068934723,-6.597293089950856
4.596554729724703,5.194378909895766,2.714178696346694,2.4566695299041132
-1.3362921960133651,-2.6061768679970716,-2.1973366088426167,-2.2884694302227935
-0.1323677781635615,-0.36808692492017814,-1.8097854785333167,-1.8463710782554668
-2.0029785965786804,-2.9213629950161972,-4.696283571111924,-4.561289322895825
4.443216821583814,4.460771076487518,1.262474902567876,1.0415667843750716
0.8924188576594467,-2.6942027847867744,-5.800434567978597,-5.612402401186472
-11.54194225408071,-10.239120013360836,-9.153360937382692,-8.716314258525593
5.5262402138431845,4.432924356993366,-0.41382439637729806,-0.6455331280802468
6.273257046409145,6.162578954686454,2.316041381752447,1.9970131217589708
-8.187697199407767,-8.511889127724857,-7.498788431964972,-7.203512968178089
-0.028049139347317453,-0.41309870252497816,-1.7300568219227173,-1.867885719448785
-2.7709579415137835,-0.16772462287244694,-3.587350053478997,-3.6659095730607767
-1.7913433990986662,-0.4850601518885367,-2.358616170738761,-2.302922578572611
-3.8875676994418806,-3.9174472630931336,-2.176832845091343,-2.341840570523611
0.5435614904190386,1.5374392725493773,-0.9732533943244603,-1.1434846850537648
-10.157300765169543,-7.999593765430259,-9.924668457105705,-9.499224549351428
3.997753164519422,1.4984471200851703,-1.595850148489352,-1.8721905879734182
-6.062514710782045,-6.242002816972027,-7.508327047944391,-7.075562951023347
3.0060332107929106,1.311213744629685,-1.578618841217678,-1.5669910571820114
-4.056194736721836,-2.549153994675387,-4.422116019177828,-4.348426903758812
-2.9665626661339237,-0.8406691896399983,-2.400584273507231,-2.4419198470038985
-11.397863638540011,-10.876512343644423,-6.120401795897601,-5.8091527334952655
-0.08932069491043837,-1.4144981791002458,-1.7982398406699338,-1.6967675009596068
4.398630866526759,7.132121516025073,4.479713579902398,3.968270022467943
0.5742640650138049,0.4578261013701539,-1.736078917979339,-1.5624511988242213
6.665281600996764,5.1975846608333,-0.7100555166868732,-0.9319268878894666
2.193302705088172,2.4620530863952506,1.0067972457072871,0.8970821693578355
-2.6876030556592387,-3.627309320162453,-3.713272954880652,-3.597462347337055
-0.4335684782343332,-2.776728871111635,-3.1983102667905587,-3.022745866809089
-9.915613246252757,-12.41471296733829,-8.227835429829046,-7.952884572430435
8.721392451480225,6.961806281912482,2.598681663208516,2.2381061680973144
3.7124799061462226,3.0492347805901203,-0.34461186749803296,-0.4281126424325896
-2.9050087281776427,-2.4952884688793717,-4.0044340070749795,-3.9309507751981614
-7.835355011835182,-4.97928625249879,-7.071869972612513,-6.747964487431464
-11.527088009294394,-12.633843945173986,-8.034290549740016,-7.78051240227145
9.844788217802241,8.484424950554969,5.016945366350194,4.573396312091351
-7.280778280547124,-6.551826860410458,-6.359469999602034,-6.228320073901015
-4.12783586707592,-4.363680125551262,-4.568663580095508,-4.451662255511163
-8.391090612113512,-7.088302943306424,-7.7842046615635585,-7.414073104155429
6.000005973864764,7.43187014961366,2.0108634838509847,1.6514958679224843
6.191326273848102,3.9686839526728597,-0.48423856469495286,-0.4688653586524141
1.1912330806151297,-2.2560217126495568,-6.212204572650204,-5.993472293893369
-3.383760190621663,-3.5352371171787795,-2.1545926356187923,-2.243544339829085
-2.124772608042737,-1.4004546718223865,-2.726908615192329,-2.8189337901681717
3.6583512610607984,-0.15289563248295446,-3.402209830944371,-3.490056617407474
-4.031703719775677,-3.0078939402392644,-3.204831911152302,-2.9404613017320465
1.7183114305934652,1.8578822700191462,-1.6377563163902247,-1.66052201289564
-5.188147527572371,-6.73817341159069,-5.136511251097215,-4.856772202288303
4.6414124735383355,5.722955895755307,1.7349812174676988,1.502378032124823
-2.89101787571383,-3.1495357686752232,-4.501722943471195,-4.4764433727965045
-2.6049302995463455,-2.6558808312962157,-3.654700826876078,-3.446318149427532
-0.25189223033786157,-0.717482174056686,-1.349084464586479,-1.3516137999884899
6.350720621408801,7.100462337093319,1.3622609358739592,1.1692407192718757
-8.305851950423403,-7.2606423011450225,-7.26617839577542,-6.969532753348751
-3.948451417192899,-3.095010689945023,-2.97212418195397,-2.983643322737995
-3.5322135752919137,-2.941026699911765,-3.0284387074629953,-3.0184648260503337
4.023512066809413,3.297973749253619,-0.2274091342907516,-0.4744869346866105
-0.5672832277994522,-2.062180744187743,-3.1616744644315844,-2.952931086423209
-6.435370524128889,-4.641526266039575,-5.347231292009692,-5.128323076994652
-4.168975599757303,-6.675580920425537,-5.309087898002579,-5.245864082742033
-3.084242580323724,-2.145649675220724,-4.42687745891979,-4.551246807692001
-8.468015606286636,-9.029609786613953,-8.730880337013309,-8.431038480889931
7.447176904689929,7.450966382793913,1.5731773061276324,1.3631224918868452
-7.554567472482967,-5.502406931882035,-4.960092630313996,-4.793972728558809
4.463693108145665,4.299390967795514,-0.7145543914957196,-0.8426692943874068
5.496307923989589,4.861021013343521,-1.7223877569207668,-1.7982018868868068
1.847353116289766,2.6890082904991703,0.4864234372057261,0.35589967817826973
-3.3522142831447863,-0.18363867061520023,-1.4063799411990419,-1.4935946381588177
-5.95227605185404,-4.228246913306421,-3.66327208851548,-3.6216292845433316
7.111689809189912,7.3663446929252085,2.169443846142207,1.9137485044214961
-0.9388070829433088,-3.6718308748180153,-2.020118711744217,-1.9410281909491724
3.7592310482383002,4.467434281412135,0.4869676611150122,0.3358775820325992
-1.1038213784485837,-1.414429970598202,-3.3141771716034127,-3.207320667723801
-0.9193499041974935,-0.9148073622797468,-3.4217279306373887,-3.2363500976997375
-13.470622767675517,-10.25568780250604,-7.478469078655255,-7.1466273505804985
-1.855740496178674,-3.726966691108878,-3.390280529254175,-3.301080903118354
-0.18008862029594508,-1.0991666604601775,0.955289356998573,0.8737094745285772
15.538303440389587,14.448863661240775,5.933988307193415,5.367816616984035
0.7385500263303366,0.8331381243686284,-1.3914712010498869,-1.5356425256583395
1.676678371458177,0.9697323142708303,-0.24844754846842054,-0.4239147751496912
1.468106700975428,-0.6194643952166499,-0.5253702162614482,-0.6715268732013391
5.918524014374406,5.61492114972196,0.017706648891278487,-0.19355203872317994
0.7279445791274921,2.2231605516517163,-0.8547871531123684,-0.9944309066533799
-4.396537817042503,-7.221215538103383,-5.924172938301167,-5.759634450933136
-0.6403697222748828,0.42810826095489063,-2.9266245518882745,-2.703640697938316
8.347256340507737,5.1703857327596,-0.28155981376533745,-0.5830241680168857
-0.3875221865130072,0.7275057570423711,-0.647046226870265,-0.6578988637233725
-3.0765401250579014,-6.267401961131826,-6.66181129204389,-6.277483254141398
0.15046984149007736,-1.3518975649729552,-2.4621197487735125,-2.6502638619229018
0.1875260909367511,1.4120811738402073,-5.105406866615574,-5.063674970546177
-13.123426730940881,-11.966837634059203,-9.746997461393557,-9.176830152778253
-3.26738989881102,-5.750990005563308,-5.550915561328443,-5.442229463036933
-5.089315190433099,-7.081933938085028,-5.367571388390294,-5.208691971016991
-7.311011874897208,-8.024570979684894,-5.4058899335799,-5.167964282292589
-1.9540608692508155,-0.6017817199514317,-2.6657750491272236,-2.671114241890918
-3.84493873702845,-4.067896204394891,-4.2953282714884296,-4.209108200411562
7.330198056493644,7.234461298650281,0.7906231449841692,0.5999924250358732
7.401371329510331,6.735298956739278,2.552226923076709,2.4023550658525195
-3.5463528190130393,-4.397188520163817,-7.274720313271519,-6.921856550026993
0.02556505024274136,0.5282600689341148,-2.4292420748268313,-2.38148898720231
-4.385859527554381,-6.441832028667642,-5.616403028370826,-5.434222645650458
-5.262334964082897,-3.474196607749243,-4.537620636205565,-4.432415750832902
-5.5511523745148486,-5.276789229496881,-6.949745323248354,-6.630267168249077
-5.531900256874688,-3.6367203957044505,-3.9827410628806947,-3.7932131414838604
-6.043616706325899,-3.844419628499059,-1.7257387475489074,-1.8680187551472531
-2.148654585365747,-2.031966074228424,-0.6591154905348042,-0.8408381116734731
-5.58435391363131,-6.677622903508938,-6.355061999470596,-6.0122970168234
-1.2991578421473318,0.3727905371198803,0.36153908971587656,0.22794891720555865
-4.991195606624417,-3.3341808655238223,-3.2288330752174894,-3.3485740356645857
-6.375554185921844,-6.117519379987547,-4.522318162985856,-4.2842051572350694
-0.19900275066749318,-3.7436962823510718,-0.7932141566405977,-0.9262269700885515
8.574188255379966,7.264250683345887,-0.24196578175573358,-0.20880486549772537
-9.479631311413465,-6.272848399367325,-4.322326481512352,-4.1793491543703425
4.5805868629359905,5.758274846207206,2.035618446879686,1.7543795583795387
-4.705427638782652,-1.7599974128227491,-7.6862268231347315,-7.386207341332094
1.5334054667920904,-2.560475386968055,-4.086496710084797,-3.904705869550012
-0.04145467785443868,-1.915552287855196,-2.5380822901259283,-2.5998931560761425
-10.808087557676526,-9.208522124479309,-9.350950396849694,-8.980451850904462
-3.7165305208011463,-4.7276543755476474,-4.654315079731106,-4.617882616275766
1.6079613176819687,1.9987752771402096,-1.5332571653550544,-1.580916239844305
-1.1347021294395228,-2.7991479141410927,-4.476420676481032,-4.4678253602651985
-2.4260225752584583,-3.3406151057529465,-6.968770027289098,-6.718817301788942
-12.390330375996253,-12.056547190742455,-10.018438670364842,-9.462154936619234
2.2484563951965884,0.8407131303087629,-1.9693807547714899,-1.983421646179338
-10.650870014002288,-8.07252065681893,-6.438315415258515,-6.019214089454197
2.0778540930025473,2.2673389803455293,0.7509280695707736,0.5642042152038593
2.0651070741767295,2.8522177083436113,0.7255975217391926,0.5147963746233963
4.044839092163931,0.16653087222868468,0.28674658121880814,0.2317305193409811
4.277043277630559,1.8782747899784749,-3.3569758914124894,-3.404533266059682
1.5175377847636764,1.0203300058535794,-3.259655185302188,-3.2377556956001428
3.3727945456782753,2.258680794264555,3.5490482188191916,3.200823945605132
6.71343444041451,4.214034225408053,-0.3920307861172798,-0.5208101021858373
-4.6854998749908345,-5.660285601278597,-6.1126936804920895,-5.7297981506739255
-3.428217875381015,-3.5979015798267056,-4.694781882706956,-4.6147608626253405
-6.211222268363399,-6.860631225583829,-7.391925708541569,-7.191341440217617
13.817560176212607,12.695116657553513,4.5891446439056836,4.233053231346787
-6.580840751152796,-6.180652059073514,-5.16501408135008,-4.87892711551969
-12.262276360350036,-12.365102018987226,-10.430898443326514,-9.874860974107918
-7.6237819213663105,-3.6341996065582967,-5.104651852664874,-4.843462972423238
1.8001880150962573,0.8521288111651708,-2.5962950443363773,-2.5276028700167634
0.5446739129121022,0.6744009083342364,-0.46913640656589606,-0.5025399803803592
4.30736763988007,5.184064878814164,-3.0318113252452337,-3.1448433851664945
-3.2978732933039256,-5.966143890985844,-2.2824492866649617,-2.429287476843177
7.567096053291676,5.445268618614769,2.415058892437742,2.118179237115345
-3.2332191050625574,0.9970511101070767,1.0586868774795506,0.8605943721853206
2.6202217869813933,3.908474902978495,-2.5355983135111178,-2.6646219432873277
11.242456744357911,10.281132112037112,2.6188042070327406,2.3781978734019664
5.872511876855728,7.362207627644114,1.353106487038128,0.9448024210578496
-10.242530248297356,-9.122131115344418,-7.440577704026413,-7.197970071606925
2.367284009453834,1.0379669175398014,-0.4623147134794636,-0.46513618996344763
6.2325548305468494,5.45317446780064,1.5763999948270047,1.209943199289723
7.859507511985604,6.763750097986183,0.703307799565398,0.5469876465774806
-1.1444940408779591,0.3444786982169816,-1.2494818004371009,-1.130743648309649
-9.190083127308657,-8.397982302910343,-10.119849104911568,-9.568465423127114
-2.752803466318039,-3.6378255738641117,-5.469083746812247,-5.339062901562528
-0.39400327417411485,-1.1339959948236014,-2.486513206200203,-2.5640829288389506
-5.950304377364457,-7.2452785213132405,-4.5449441214765205,-4.224619765824467
-4.268034043949057,-1.486946970246208,-2.0627442548466557,-2.10867320865415
-3.317319248401443,-4.174741255398365,-4.367436383352301,-4.060972726311567
-8.650612932933177,-7.792399305615765,-6.880903281584471,-6.604695970295952
7.223530483568986,7.1579482884895125,1.3504144286104363,1.1024301127098677
-0.8536542431249439,0.7823044325390087,-1.0362417328542726,-1.222821389143367
-2.277412264511214,-1.6997736215349453,-3.798178609141547,-3.606583167643922
2.85324866746397,3.7663512830377592,1.947302438230981,1.605254712442055
1.6018507948747966,1.812298151326584,-1.7517044814994298,-1.726997253076422
-9.093630983525909,-8.088257606234443,-7.2730473599209535,-7.068051198159036
-3.84577316231207,-5.157581277175186,-5.761553422437107,-5.462434687246443
-8.499045067283145,-8.152085067387224,-8.949711292665976,-8.707034046617826
-11.457986626229967,-9.822489377944812,-6.782499664673125,-6.536427637124431
-6.326544459781884,-4.725217884236178,-3.500344831674496,-3.3167415386998393
1.0328422896110763,-1.2112045799558624,-3.45929769621864,-3.210670619300744
-1.601291224170902,-2.7794008298489294,-1.238009844574374,-1.3054107503006085
-15.057238386601007,-13.455099299353197,-11.885102382888087,-11.233009170689778
0.4917152041840356,-0.9640486237167658,-4.919824043382129,-4.837331129302745
-5.321044455822445,-3.695050079539165,-5.334438995226584,-5.062123572251769
-6.127945605005589,-6.359724389112099,-5.613459149309179,-5.361517300562475
3.1956357096655905,1.7062175191950701,-2.836796836004623,-2.800176169720271
-5.2698933218121295,-5.084248564094246,-4.623222614202099,-4.516820426440033
-0.681852445419691,0.8914049412194724,-1.0872552215349374,-1.1782924180786374
-7.4745060269071395,-6.442689841577485,-7.744174804008207,-7.598623230960984
-0.579179367217956,-1.278103604210941,-3.1795206151437765,-3.2302439760031483
-5.402524531322429,-3.504202933322787,-3.7598381784155657,-3.696001316032369
-5.180852684468812,-5.409586524424565,-8.072196465186707,-7.64686323574149
-1.7109541583268868,-3.44189727780577,-4.863846995820753,-4.575316503537438
-1.8847027902438374,-2.6965199846713075,-2.1640191573455656,-2.094428068635657
-2.074914511818469,-0.024331642694161215,-2.4872779332208435,-2.5371006426511427
-1.4892167206774563,-2.184083301627473,-4.986524327275978,-4.8330740166597135
-2.930324154603997,-1.887327685062184,-0.9681082196120578,-0.8740765298881648
7.649291836022479,6.404159454252971,2.569837605550393,2.467782123685542
4.783770072960987,2.6591361482916764,-1.2504723624292389,-1.3611551995590188
4.0206689440222885,5.457729888299422,2.5885887422298217,2.3154355207132133
-1.4287140164611039,-2.752639416039497,-5.532726140219403,-5.366364482319069
1.073365318074145,-0.201012756086401,-4.117965449072676,-4.0371417087123636
-0.7799353887500957,-0.3911782997327721,-0.01836250838551945,-0.190988286401633
-2.317952210556905,-2.19447902415217,-6.564688427632143,-6.387484559912734
-4.341680643111563,-6.584253054897662,-8.123251774030983,-7.771170828836446
8.366301964772575,5.490736181869579,1.4846011196685578,1.323120097016953
2.5993530011021804,2.6730238915314093,-1.6063742195053168,-1.5421630659015868
