y,X_1,X_2,X_3,X_4,X_5,X_6,X_7,X_8,X_9,X_10
20.679132115087725,0.4445233891248109,-0.21109044443465885,0.7757442839561733,1.2669285154323124,-0.08599757601921287,0.6984051326035456,2.150275896395734,0.12985323792764736,1.5020325274114206,0.5806579959026503
2.5226750762222174,-0.025755793656090653,0.9576284696089024,-0.31745945967924694,0.6437863802519965,1.5464048015787,0.8775250900394883,2.303413692511142,-0.21982174295416743,0.39408433553094824,0.28390454156284406
-27.352440099697358,0.34161222449472184,0.13324453055113017,0.6149120575472005,0.9521742208972748,0.2084065950875308,0.5536680002725101,0.3653469352841374,0.287712688215547,0.5971664460666971,0.8676558525566039
57.18300042536851,-0.02941070234564913,0.15169552138713238,1.1604109238180351,0.18799003598349823,0.8973545408045726,1.229285422833285,2.653722888204726,-0.2581066697322637,0.8767145563219676,0.6103160197899514
-44.40058032705875,0.19271866029453477,-0.21123509434224486,0.9406804728759808,0.6609154730581002,0.24295627250305651,0.9545538006602846,0.723283321062413,-0.4429631259899049,0.2799234239339701,0.6305698540983075
7.137997337788279,0.11967802561321067,0.27284324259675974,-0.06817040524973594,0.4780082984645011,1.4204585883701242,0.7387581324130891,0.7800770429764226,-0.008392078941697485,1.264907111219316,0.5301083944934177
-7.301500782834349,0.20780640677648624,1.645926046430533,0.2989458476293223,-0.2828675581949147,0.4297453536158565,1.0335484248802378,0.25072760628340385,-0.3021438245452138,0.8782391022601541,0.0765060134402532
70.38881061172017,0.3391980827676541,-1.3959418284669103,0.19007460496507927,-0.1479582289056427,1.7472190310220295,1.11743321142453,2.6906395742350986,-0.15748434844857875,0.5025510168018386,-0.1451295927905596
-58.99588760258449,0.5729320923183384,0.2614899159721888,0.45696564708092474,1.0006162698016723,0.8784416706693978,1.076725106571168,1.360657419781925,0.2458647809288303,0.37891847517078353,0.5518804725314805
12.818643983795338,0.21848384267809062,0.30953101595123794,0.9757310665840042,-0.01132573025856598,1.3166830415028765,1.088993965741365,0.22598756014807975,-0.17652239497153113,1.1885905691185528,0.36982214556488063
-4.2244046293500155,0.27791424821501437,0.391292685270929,0.2294197008624208,0.002055044237511905,0.21954625379653636,1.099237076559504,1.9002570464107065,0.42987883977162406,0.8403075586441259,1.9150541625161943
-12.20819715832901,0.37398719820715126,0.6870871667135419,0.1060529158504756,0.5656176327494675,0.9067098164794498,0.7029705764021394,0.8152155003391753,-0.37017202673405375,1.362160151009339,0.7288441627496332
-39.9993286485053,0.24932298197353636,0.5137091922034596,0.5562129371132084,0.482532638428263,0.6850579224071662,0.9866904176015784,-0.29898860777559777,-0.2062080997101171,0.622036939800839,1.2929985507970525
-43.50287669669149,0.49506960891675567,0.33143010383993415,0.153781595521018,0.7876808731655062,0.2021181532370302,1.1849712331378317,0.9679285177429371,0.30680859360385926,0.8001177754989732,0.08066335377922351
27.24225652601223,0.37734108283915213,0.6587086656590977,0.9078337734396471,0.5124361023800581,1.5699674189935906,0.8026797474572419,1.5764012999270451,-0.013292930511225879,0.5876941705216727,1.6321229347818647
-65.30588925950211,0.269361400990234,2.0268656006887684,-0.04058656333500532,0.4807768333609816,1.6024017111431528,0.8784743384705723,-0.30086603914757026,0.27006662326382475,0.35123820444603404,1.3969718524290573
-15.296464942306988,-0.1620273174113736,0.6026497718280723,0.49032474079477084,-0.280356723368004,1.1545650291248324,1.0611018450018208,0.3131475697644195,0.006737336132369025,0.923776679159602,0.674973439320885
-91.89338314034757,0.4420591893484723,2.572266494352326,0.6670659337593439,1.0520315731477823,0.39037604507500645,0.7700355681629032,1.0847723818970483,0.3522023720376016,0.3067967591834713,-0.36700667090814876
-21.463674274168653,0.3838265661258715,0.7802576536226946,0.5065894839964818,0.866424024387058,0.8836821867988959,1.151180808947775,0.25143461281153834,-0.1506137536654359,0.6766493422679651,0.21895185592976346
-39.45071721280918,0.33361027702383506,1.6293149540019747,0.19762740028397968,0.8398597770074662,0.6201044471201741,1.0117731838725834,0.004148125865414465,0.019841528121268267,0.7526891352384015,0.813636683537555
-41.897066893626565,0.15411448879116008,1.1517930951272013,0.6049378969668224,0.9132270806346654,0.9859405823395262,1.2364122908984323,1.8514132250225876,-0.422186698142367,0.5157000507906415,0.9039596452589412
32.02743709594939,0.17372751160999086,-0.2429146937667136,0.8145723195185658,0.09287004268544297,1.9881238981318075,1.0266866276930307,0.6830838494619709,-0.6553939304239735,-0.0015440594755391501,0.029038225829225883
16.757906709008743,0.36098209605689213,0.40802598145229635,0.8526867928201403,-0.04362796246713785,0.4276719526721742,0.7813345186741676,1.6580628994508473,-0.21057242473673088,-0.04845795528255026,0.4613281852031408
18.584191765422965,0.2535652708648093,1.1354260349084604,0.5911119033847245,0.3166959898082003,-0.2388458243617897,0.9447858119048888,2.579164787144826,0.2659322391805317,0.4213064554173976,0.9809591477909614
-6.334628606609554,0.4053504056408055,1.038664678003982,-0.4510859672104618,0.2642570640708099,1.5930724010927477,0.7938295484915725,1.2302774713388622,0.0058536617766295415,0.5444203549411424,0.16054044782648658
83.64715062621801,0.6824622924222367,0.13428745068001058,0.7335999187046349,0.17284917647041498,2.329662474340246,0.7874817568160486,1.6134223738753344,-0.38716784786563424,0.608143811178462,1.2839703744941269
50.01945932542877,0.39023398285944755,0.46245379178789053,-0.019121865656838377,-0.25230602268759617,1.9927307336296727,0.9240794623169885,2.2488962826364087,-0.6366739092724667,0.27487903228314375,0.5975919651712955
-30.694242455869027,0.2184746911751073,0.890087988479486,0.7372681481308982,-0.32139160592187577,0.6903402682472187,0.9542057368333327,-0.7765848623523962,0.4038355757614137,1.2820010270151738,0.7661733121460739
-53.852397233171175,0.36515381816618675,1.4331323216241194,0.3718942462577962,1.089039063035392,0.6598650833645111,1.342883258313664,0.9887709377825493,0.41862724316406436,-0.8202565777441853,0.34368530727940205
-12.46439488830297,0.045887511999173236,-1.1795877922292102,1.152097134288907,1.2690398242175343,-0.11389163914914835,1.1028273615836024,1.9307134217623378,0.69223170739133,1.2909995598579411,0.9320088337237394
-2.605790474540891,0.619265897504995,0.05735819127507091,-0.4201159040124425,-0.023604565306817538,-0.0680508089039944,0.7591397789188095,0.6062983135589602,0.16342162002813268,1.1241719542922162,0.5799951665293098
-32.45410408184321,0.054207395911345824,-0.647451958848873,0.48357115989454913,0.6834766524795188,0.21058660700753107,0.7934183655305309,1.0639848038770734,0.40801184201555474,0.46042306860462445,0.6007345914344896
-3.3170887854754483,0.1567078068314712,1.4093798245583056,0.5795308935640983,0.4299733093013416,1.2296138843763933,0.922945335458024,0.7841851243881777,0.5152163741665344,0.37041244591453104,2.18889001230266
29.49174851069684,0.21034313835498933,1.8097281992587857,0.30897625184348554,0.365224925341073,1.766606242183013,1.168004710017163,2.03463911835287,0.5019097684498954,0.011664953715190829,1.0410857080063254
16.397446780972363,0.4041159257601954,0.35727387557281093,-0.4593054325012166,0.10000048339913903,2.5136407695158054,1.0271729080600918,0.41218895335932915,-0.043079944750703696,0.7167712685550747,2.024474062435478
-4.210817235716732,0.5960206802314538,1.0251188441165744,-0.11347811960876897,-0.1449376732184755,1.9793860015448126,1.0375223548110195,0.49070834577814865,-0.1649384013323684,1.3668427581701588,0.8003529227706225
-12.249247765086238,0.29813653594479883,-0.41874006221863014,-0.004525333386577568,0.2339587847721309,1.8317857156962996,0.7667905840842899,1.7404536818235852,0.8135595165937941,0.37424981038728783,0.8280657470831714
10.15524703428472,0.1914817774178851,2.40372460701888,1.008386210664296,0.34689016097569303,-0.010951151471238152,0.9906467771370274,2.895876497615909,-0.393396083154199,0.986007756745026,0.5396358708294333
-2.1223986612889365,0.6410747632522033,1.2411486179926123,1.247766028126965,0.9034661724953013,0.23941716314342254,0.6751540610543515,3.0170929565519864,0.24115751944634656,1.0081998295806123,-0.318304199749858
19.851610518377495,0.2018880087977359,-0.2739963474555749,1.4901279775988434,0.07113005483158497,0.24738455066315734,0.6319482906139413,1.126227795133289,-0.3417571433265886,-0.7258772809485541,1.2319471996864417
-48.33717801927733,0.6089552034801788,1.5765680662611579,0.5918230118480983,1.3376126564445028,-0.5345329154083251,1.1829017897254366,2.0429953668893526,0.6216200156984726,1.1344075027638263,0.4321979177340869
-58.13777153245017,0.059020934563869754,2.7784467190933677,0.4111517616144609,1.3959491130677506,0.5515215517771006,0.7447192152650268,2.34145244779991,0.3995762670737992,0.19677274102725684,-0.8479126983708243
-5.93371695115235,0.5125665118599311,-0.5711325326883585,0.6820367148932568,0.27251098156551173,0.9305175143642741,0.8648185258134614,1.032736779533702,-0.21952453948973993,0.33330301103319654,0.28994415516144606
-42.21109214575846,0.1459681938873376,-0.4776651568076087,0.5944686308415835,1.5053451608489867,1.3317431245713875,1.4036694584341143,0.25029707997631223,-0.2012830552651309,0.5052187219208135,0.7504896181109391
45.15911808852293,0.5979964019409916,0.7633713547799973,-0.4035698697519179,-0.3871103683380046,1.764982484434293,0.9672848708212558,1.1578100072055415,-0.11093928294885401,0.7953826072256637,1.6407180421301077
-27.42926337142923,0.5415769927641082,1.1531074083558235,0.2918875441085935,0.9695698788152634,0.7542974587142177,1.0071428979067842,1.365483303316861,-0.21539632739507045,0.300342358610766,0.9283655035129736
-7.62151798478002,0.44144901658948155,0.04090139331152609,1.3973837172234447,0.5989672940726626,1.6197167087504911,1.2405854431980763,0.20846828387275185,-0.3197394271017159,0.08171013283444184,0.775007936505072
15.448825653557837,0.5763392788320614,-1.3956682800721656,-0.2834605210535227,0.9782932585676534,1.5757142646615496,0.9228248849442465,0.8898313876809663,0.24783699153256833,-0.33685804673571473,0.5287573605019318
4.720583028752499,0.3368798965602459,0.4398637068145682,0.6222130600979281,0.7017154073698457,0.07266819804006852,0.739184948896631,1.943116402867211,0.12492206261280399,1.3016028707496705,-0.3187376917810022
-5.859413089668514,0.3513224165164892,-0.13415781057209053,-0.0866838301644528,0.22709538591850842,0.9734253356925114,0.8324468292233618,1.2553164287183627,0.9781698945729654,1.7012159698987932,1.8535058416523822
-30.734452464744123,0.4367048941394998,2.064504598309885,0.31601742697663965,0.6228842035630558,0.06008139729796813,1.1083652884874469,0.7850746413919869,-0.578967588530777,-0.0128600415069976,0.22062228518843685
-45.35201186237985,0.36349823534848885,2.4249347563701,0.11470722604808459,0.5367856520289214,-0.5257426110078425,0.949316426421742,1.2782865692700436,-0.15685297847294793,0.9018618812182029,-0.04688514696686519
-26.031152004902253,0.6308578178966482,0.9679679082338546,0.09331446028088275,0.8254051077089875,1.6382304409519655,0.6624798838605166,0.7353151304025144,-0.19369710604743245,1.7379547978345722,0.6864757254327513
-16.651403034088062,0.35769950991455746,1.2044772696978423,0.6333110153395102,0.28484201960218003,2.119631346705814,1.1191651538365754,0.6204642625543288,-0.27775852822312475,0.5419530961807635,0.01026906791530513
-64.76370827148986,0.017262550773012808,2.3434186813839077,0.0542026293644024,1.0745951536392437,0.26861239450399255,1.1324519898836949,2.02346058706115,-0.14043688153337527,0.2377688787876377,-0.21682159415862634
-8.068736059530728,0.6942699166400266,1.045922149489063,0.6470489615819093,0.706778622896567,2.0797710319878426,1.1955405255489016,0.3313116869170991,-0.012423103738017877,-0.32973359228682186,0.5100291758719002
-15.204406196881362,0.20389537829431,0.08024404596248114,1.015445639311084,0.8021269344968791,2.0717650256805173,1.0513626569060146,1.0330395086068154,-0.004326006626869747,0.833723173018831,0.15795581765685557
27.513407510946912,0.8259635497249886,0.21283985845939035,0.26922155774395684,0.3337720939354333,1.304230325727754,0.8861738756786196,2.0535427325913798,0.3715802506965252,0.5967761875346131,1.0154304687134248
-42.15734677467746,0.6205884536014652,0.7024052476538116,1.2629069702285047,1.3898594871108547,1.4171237716363345,0.9941269001121662,0.6715669666619168,0.18205489293828556,0.9258022488512329,0.6546874245148551
-0.5274866710248816,0.0444298788078874,1.9302044010156525,-0.4812561613086318,1.4464336842010117,0.6606777263946164,0.3271391143566442,1.134276476347483,-0.35120603085586616,0.5237569202138885,0.8766996655121175
-39.07104714053562,0.18612007503380754,1.2517804592927353,0.5023941913657015,0.782452810343201,0.6771242315658801,0.5923773342315697,0.6399150327249457,0.3954070933905921,-0.2821821619483298,1.0356965598958205
9.437431091190708,0.17245520665082112,0.5862015683350545,0.6029552122613719,0.3640303258283768,1.9829899904394535,1.0465955545624037,0.49802186970339996,0.03591197982450176,0.7354770536398043,1.3925685485270733
32.92519317030877,0.21366012670369977,0.3844087527211109,0.1281148915525861,-0.2474627419259654,1.4487341476400843,1.0092159558027523,1.1571298518990156,-0.5788581579626757,-0.49937696169832835,0.45863650950679125
-39.40783511034317,0.5472838851560888,2.6299533195331337,0.43128123613088665,0.745211251043904,1.9990679245376604,0.9530619030013244,1.5545732588797585,-0.430521437228777,0.8536060112063741,0.8215780509436559
-8.767716912310243,0.5761520814820786,2.7125444259082467,0.7955276123191832,-0.12038785418156639,0.3729099369308533,0.9061709799732127,3.1129665357146163,0.7237795167917093,0.41997899512083164,0.815515958757736
-70.46693921210488,0.5003197295337916,1.6749287620574487,1.7100641144049233,1.2916744055775529,1.4651487966469103,0.9370937421539597,0.5054933577863738,0.23481869372738612,0.2603142473456413,0.03362299845304284
24.043791988322198,0.6338335670887687,0.6578001548650317,0.7313391249573122,0.7522928336915177,1.471090266316236,1.24411470452679,2.1214251127464174,-0.07482307041253577,1.4293876102912866,1.0019092010749628
-17.94827881344269,-0.011404565006208234,0.7882371051577398,0.7813050235310635,0.2639421849298849,-0.23988951603943276,1.1252980771706136,0.07498641431290543,0.2244215299846144,1.2259234463732573,1.1859454397052267
6.948804134434457,0.393029839691219,1.8654375689771217,0.7206223726073936,0.14255683126235885,1.8000389215435408,0.9391851949553995,1.3328191951968436,0.01854770806847976,1.2314385719095213,1.2973358148798062
-95.67368943074638,0.45128171723524024,2.0109954802810455,0.8901532139836524,0.4873165976459599,-1.162969045413666,0.8434235933614903,0.05019118567569747,-0.2672167792738636,1.1804802247103416,-0.24021699984251177
-25.341994558457223,0.18044463064675342,1.0679417798423025,0.8011948013407078,-0.21677463887372705,1.1302951865829962,1.1865173523141122,0.4592063387637979,0.7443244223663579,-0.13552298563790455,0.3479813735785791
-109.83188219554364,0.24736276822159411,1.7618858249097598,-0.6463358405664305,0.6231651233704258,-0.9494877917799847,1.3443663966287727,0.7666667152448287,0.9305923033333036,0.3597937706137474,1.5986834037122721
-22.954016718241874,0.33160331152727424,2.267918964167093,0.917197120554784,0.16771913755869894,0.589187870146564,1.0093796424470367,1.4169856161095618,-0.11956825709659258,1.1990764927054915,0.9604320516517919
-67.87206812845636,0.3607693015123889,1.2019316015004708,0.16968239501184113,2.2706658051068134,0.5425262534176072,1.0937035595301563,1.7679851052532745,0.03393975361188141,-0.0074300420909406695,0.02723194464902634
-1.234241448461816,0.45900478444802373,0.3093700071288918,0.54860701308207,0.33824409623572593,0.3249663365496356,1.2507063420588982,1.2314220813116905,-0.26633312448259,-0.5661687052961895,-0.1490774143411473
25.150469507508944,0.04877441831788537,-0.29051860173260247,-0.06541867298617343,0.08169317386443853,0.6496398596680513,0.9653981190980538,0.6649947020601277,-0.016864516819578762,0.880313193073555,1.8509592630867058
-34.00658745352269,0.45454816038655654,1.0886898168909918,1.0293385960667363,0.5035827659951686,0.593027075780791,0.8285282473030965,-0.14355866536983564,-0.0617757723245108,0.6710690509365963,1.0108365520243268
-4.069142039884218,0.15890555013941035,-0.43069692113816394,0.9050678621789529,0.5668070966375963,1.0669236858999802,0.8466894782623494,0.7426912987908059,0.2793736861981663,0.048093050515459757,-0.15137823068340805
7.206288158675733,0.5280129905955737,2.195495435768806,1.197609415978608,-0.849864761830473,0.11793571381990997,0.8477288739929632,1.8235065890702868,-0.41050076013785275,0.5268228634075558,0.7947401285763167
-32.94782528756198,0.5363976578900781,0.3149261831197485,0.033295381764839704,-0.2239147702675316,0.9447421938306073,0.848299306489671,-0.31003961340075004,-0.20713369749490065,0.18785678080029344,-0.910085807569373
-55.648312926016345,0.513943522330699,1.2920445847073647,-0.20471150917097714,1.0620413760149683,0.4422208425911639,0.8620265891877508,1.040531703981127,-0.29030352419849936,0.8459792859126942,-0.012717303991444107
55.16447407231334,0.48433295751004246,-0.06040056029191965,1.0219460422813416,1.484587730359304,2.3609864611044733,0.5022044001560407,2.9321886558756343,-0.14901828419690072,1.844399441103432,1.2447267947988914
7.333166120994188,0.10439065599423095,1.3775893079650638,-0.32055860552380433,-0.24030332369419194,1.486340777006753,1.116362034276535,1.6966355855534836,-0.025534639437104482,0.6693337118673075,-0.16366428093082164
-58.45288214497177,0.30674556561064803,2.4192475760574323,1.5440966439830768,1.5568454937747722,0.5143663498020974,0.8556679959681537,2.117120058922059,0.41151415491274573,0.5188229340887521,0.19302725326133524
-52.333043726929475,0.607690480541639,2.1189636852685982,0.07300400710343302,0.062358024717384164,3.1117502591780895,0.9853820514761011,-0.7120491389007838,-0.30441680732971726,0.10544859290175168,0.3083936178041628
-28.2245575075709,0.3029079744081164,0.5591868864612509,0.19202540996559503,1.0968008870011865,1.342079147867732,0.7772684348897135,1.271796623359041,0.47026015019497575,1.5569654515070783,1.7566642903067806
-54.91000163726805,0.24150454011898065,1.73343363289232,-0.08170795954520604,1.1325131908206512,2.53712150623951,1.01161089907821,0.13780730187685675,0.0006642278731309476,0.5657114082008657,1.1385285020075813
-54.408076544354955,0.5255678839583646,1.961253522828011,-0.05741869064591043,0.44265347183986414,2.2010623485669525,1.1594685774475089,0.45710171682165784,-0.03927229019966659,0.970994511900393,0.3824528014869091
-50.056792374352135,0.3235813405571882,-0.46089840658666015,0.5314177304258824,1.011498643252535,1.012854411889474,1.2212532792484636,-0.012270503203792527,0.018904581258765915,0.5254816709483399,0.7126141964617971
-3.021012927521129,0.2838274880396144,0.9503740347612368,0.41004200026033977,0.09884979957306328,1.7195951555210627,1.0759885576840893,-0.02772325776493989,-0.20433133921336688,-0.2810425446249608,1.1651221018445461
33.16941013411982,0.15253846438742008,0.20107238250746984,0.3860155731700299,0.20142578363014124,1.7421545119274109,0.8622887537304371,0.6911930358458152,-0.20642134635037768,0.6957904311961283,0.8305565829781432
-61.839480599423155,0.33094871783759905,0.6236454747990953,0.8134215963663709,1.1550607572365927,0.920177885097893,1.000090858433003,0.6636588061750843,0.6670645673977634,1.4043545697945494,1.083210230719867
6.765601182649373,0.102013398545901,0.6525700378619339,0.45562908439784944,0.9665910273954829,1.5384469916022505,0.8693789577014281,1.0467221701190295,-0.3016020839948722,0.42840267383567077,-0.47018505362241636
-26.80445973562636,0.25052126233157845,1.3714485533267273,-0.44548557778118425,1.1363469643617243,0.1247613782428677,0.9022848014081484,2.173444478554715,-0.03941286980642012,1.7714760201595388,-0.007865428364892568
-16.98616652996769,0.5280556201559431,2.762346024357212,0.9446802357946127,0.9248270147420974,1.5136334796659832,0.8177335913973582,0.5255052365677856,-0.09897499934754048,1.18966900743755,0.34299764422522394
-39.14893157072138,0.37517018036721733,0.7822463373757959,0.155317951489999,0.947912565872151,2.3371454300829857,1.2021025455837488,1.1924762720661808,0.747886437492075,-0.3144249540776769,0.2196913610500703
-18.114189125485716,0.3333799457426213,1.8963009450698902,0.9119258689522091,0.10419703823958404,0.6674717411831809,1.0711030425883894,1.2390304970600643,-0.484217400362962,-0.150117914382483,1.6344294801687003
43.181290304040424,0.21842443375957807,0.560405896350855,0.1417719542466912,0.06017908772158764,0.6679883296162551,0.6637916222503154,1.9082189653227932,-0.9815021763452138,-0.021753060841204652,0.5855269850966751
33.190905905993915,0.3458910129005721,0.44804397289228304,1.480189083044034,0.6898960028502683,0.9901488783546442,1.1320988701880315,1.9275270793711439,-0.25716368676698037,1.1040503065119414,0.4551237633386093
-50.20049991833213,0.4298213555733583,2.1792472534649296,0.7839526470632394,1.1768251316982172,0.08236566000267065,0.9478615572331964,0.28408204697429995,-0.31755665036702235,0.8881982654041822,0.16884543250539935
1.6135610376466474,0.40046437593728357,0.8921282429533144,0.20603331346026754,-0.11157121017575833,0.6567365533871872,1.0966210324324581,0.4893180126576764,-0.16141219993428144,-0.10466251154660655,-0.5549039848335211
1.5710021220387373,0.3399891428131987,1.4544114461023674,0.10474962383566633,0.15530715816232632,0.6925447856754231,0.626888614731117,1.6848758744767882,0.20794063107639366,1.2057158894044249,0.6360866742709588
-23.991579096722454,0.41238349567740007,1.9811302692926949,0.45711537048287987,0.7402462771607742,-0.5979834927519609,1.028393425823177,1.530019379805708,0.17164144561770295,0.33401113799568577,0.5805849929405595
6.055659103361254,-0.22118015299394111,1.3855132811660291,0.8244037040714958,-0.00011529938196674916,1.3141943987583289,1.1490213712327408,1.6339917079460498,0.5000752030714655,0.8056090880073176,-0.499557330713569
-2.4343334734401942,0.2176412164121126,-0.731718874952966,0.6125536546039181,0.5718690477316783,2.0086846493789494,1.2294218048432963,0.10738186566276609,-0.28763155765602544,0.49568379343807234,0.16678328822189414
60.570792955904054,0.3026350205701853,-1.1590897529657496,0.4407715310980703,-0.29523540387645686,0.5886575427284848,0.6594634988516013,1.9842286675051746,0.37821295494246,1.3305921008420971,1.255079171420845
-37.63679444906333,0.2512787753835415,0.8758718885901444,1.033037121112882,0.6875767602678646,1.6590025056024942,1.2053027632738158,0.558491040714252,0.16441943227223146,0.9808309086449682,1.6703421546382546
-35.130946641616234,0.6364474949888914,0.10321714422872585,-0.04348629945001625,0.08384727756908517,0.3690638375855486,1.2229358237863939,0.29589413972399237,-0.268745212828298,0.1640279717907539,0.801533986799965
-9.757239773107308,0.3001757619245812,0.5042349245871551,0.12311598834033655,1.1395377669267581,0.7461607923222884,0.828517045459092,0.9182333800113766,-0.728315811063974,1.7850226844335537,0.20289791284423314
2.64142685002245,0.005665780367257511,1.2227937461566496,0.17130250337466113,-0.09820824961970964,0.33869328093802364,0.8335683981416697,0.6231439668549352,-0.24513363135075106,1.0278709380888742,0.8928453191007064
-11.822890260383033,0.4712018140752813,2.3678638556430327,1.246329045584969,-0.03749260976149915,0.31938361109622704,0.9187331659099814,-0.014348425147019284,-0.07948752451805415,-0.09860078628849622,0.4905610829873601
42.941997191707024,0.010793364062675392,1.3661885556008198,0.94578740976679,0.342095288255973,1.7441345715454464,0.7528564113347432,2.513545768552718,0.11326822788185267,0.49855099914446244,0.7795925660278964
3.773013323373487,0.47244672825055994,0.25060394586755336,0.2433714681784242,0.8371465569211983,0.16643320810798468,1.0882207355387108,1.923411269519282,-0.3040382038778684,1.2149986082306,-0.3272888143960748
-38.89311860689064,0.4346334468551604,0.32219108335738295,0.07718140598431927,0.6768390467203557,-0.05784119223020601,0.8859876348153435,1.514315246204939,0.016655648888261137,0.6236650079518536,0.544928724273295
-63.31909240635119,0.501706978901681,0.007245155183634222,-0.09036795219136196,0.3076380133960097,0.2304079470948438,0.9412757237348759,0.2713126539521731,0.07644517385210987,-0.07099761424759299,0.5007301858349025
-37.509357759463,0.5029441593308825,1.5364476075086633,1.1493581666105213,0.5337735909449817,1.5004340341091076,0.7790265140131961,0.3635759869986648,0.4074712430782552,1.5752630276958846,-0.22111706718921198
-2.58033968851797,0.5408757436243453,-0.6167200620050051,0.3900546763436453,0.6535494043024312,0.4369670552361514,0.9746982302228865,0.3519047883515619,-0.3487685289337774,1.5602429165201226,1.0115832304947643
-37.02958276707675,0.46954323825566546,1.5452617887833435,0.8302316014454245,0.8575234432797139,0.78853479370632,0.830047249453944,0.9760808602496212,-0.3193549453705303,0.6905754925512262,0.6888886759215171
-44.11868116099593,0.43493688571769007,0.7301260049942732,0.2066938948877327,1.6175448779198902,0.8697554569201427,0.9011966314005404,0.7004396258819476,0.010047996517472742,0.8535695891323822,0.5966419543962547
-33.255662719976925,0.4767138100243035,1.8966806239412397,0.13758495189118602,1.3531619474853864,1.3885745119001704,0.4740978879660348,0.2472724421977398,-0.7641808021311454,0.0032590943072755563,0.7040512961624174
18.46594412585938,-0.059396846462592745,-0.3484557748153698,0.6126815740197985,0.26952318367706235,1.548355852869936,1.227043251063927,2.1826496391529586,0.14296359380720705,0.724757894418904,0.9082668137341454
-20.072000963564424,0.42859543646572257,-0.5689577405701216,0.8187748889443742,0.45903715474510565,0.1595579606252392,1.009492352521739,-0.4180694357106608,0.24970289874609072,1.3923772375321406,-0.021402528052815617
-18.3676356046136,0.11955362112652851,1.868443119665876,1.5122939495371714,0.766416151785169,1.844698629857987,0.959043982513048,0.8922134826975178,-0.3362590283697101,0.5437344939773352,1.5053393964587292
-74.43713657221686,0.5720213203198318,2.4708685749802974,1.1272626357507152,1.5474009192794451,0.6866658145445943,0.6530074165219992,0.5356528832360778,0.3142728652896439,-0.772653535066073,0.32056390214386304
-12.962060650499954,0.3362316461501398,1.2242831038280506,0.7769210357673039,0.9362485559803997,-0.6380995834790768,0.8009044166166637,1.2542299542832989,-0.3937161232651888,0.932985415219159,0.24794690639509948
46.21726305006836,0.6213202616168501,1.6058652978481414,0.9108434590170793,0.5828774423723674,1.2186698690272872,0.859177001026641,2.1343215253657,0.09059975605887263,-0.26032986883047105,0.20986073994472548
5.295581075987979,0.29932721645025817,1.487865989019499,0.5927930297677261,0.6088045988851052,0.7341100497614413,0.8011377675129348,1.155721948650696,-0.3248375501155809,0.15584854575670315,1.220739099134954
-42.89179916231942,0.5398909509301002,1.579462960997035,0.6635913516378937,0.039433613932147504,-1.2176773654138193,0.8818318574561445,0.6458016741159338,0.20689879866880848,1.2022368631778098,1.071935261043183
-49.38821464426128,0.3589778467036818,3.125688181707801,0.24570784764988873,1.1668546466978196,0.6895466357064385,0.5229057343440364,0.8028517626879113,-0.10003550823903469,0.6761623617856714,0.8104114082769145
-54.86574932189376,0.26973562465312645,0.8741460009754425,0.1110255018540105,0.9824881862904624,1.5025430422349695,0.9179005071640126,-0.040773812687817323,-0.5342895111130518,0.8318544886474085,-0.8413859346986028
16.10124031188795,0.31327146397859124,1.7787073459313094,0.3493071136897691,0.1568539689318456,1.1360552546202893,0.7540499570651387,0.9473695033079903,-0.02090604872637733,0.7444888445529649,0.5677806550800479
-23.16431811332962,0.27430046658499996,-0.2844996404790652,0.6878910665139926,0.7973200715543953,-0.4133798310422183,0.7869925124744361,1.0740291478537514,0.20796124449821396,0.8535531869353622,0.2707119830837812
-30.04981774851052,0.15384019001685034,0.5359352405245007,0.815937439226705,0.9812260006988976,0.15563988526660066,0.8793240274005483,1.2252243378118168,-0.2997277386351112,0.777768080087949,0.868949934312695
-85.01903533795644,-0.007464578832368396,-0.08379709082949582,0.9499822702975621,1.6088338206475226,0.7000872528900777,0.7440394493962352,-0.2072988502352543,0.26801087256624395,0.8763225894984557,1.5059294776014944
-56.64453971551228,0.3906828123673951,0.7500423615157997,1.114213375021115,1.1966324159989061,1.657525027613713,0.7289105605371623,-1.180827392793368,0.06762299446658032,-0.018423006083169602,0.8490396223579222
-22.142926919370957,-0.17137501448576797,0.17534136462099026,0.48975813110674155,0.7737989536457868,0.1670783626968635,0.8945432075793562,1.0927715245158165,-0.07154936774572931,0.46697762680990484,0.6074967651849094
-77.05092185435812,0.6503110856817549,0.9126098568451488,0.10816472908824748,0.6639649383549171,0.018158469426205026,1.0247317428138187,0.5799637525728356,0.21207377328950444,0.9940393105076639,0.3671654593224534
-38.38532418537704,0.3846255748338757,1.0951190115939227,0.10096954217998338,1.2237914476915992,0.412232718132021,1.1252708427249514,0.8522607372807114,-0.44011281743780045,0.3618988084451917,1.213704053446709
-59.69938692321174,-0.25436881623599206,0.8180555845050475,0.7693086402038003,1.418322511347667,1.3917878521923193,0.6762755896707732,0.5155447866418705,0.3160807421964229,0.6340582773063324,0.4903746175394543
-18.193781147916326,0.441336164613324,1.426679124583715,0.06571270763606357,1.1699393103232367,1.2294076196413564,1.219274093323261,2.291434836713765,-0.013482841097409014,-0.31514232660207986,0.12017023257768356
53.93852440593613,-0.013327586375892098,0.32301366111414165,0.9641045668698855,0.14468063554144295,1.5314548874752256,1.0389827651110117,3.7290104817521708,0.6641331934211975,0.4010592640043304,-0.6297042000719202
3.9859403394484128,0.41124867660647046,1.9242553331811743,-0.06701693842343859,0.5050090988371331,1.721009084887648,0.9119483877141603,2.434051963244298,0.3172219876805088,0.36333257621328513,-0.13779700935788441
-15.000084813370242,0.5692785920576914,-1.5489418266377255,0.8375933382735764,0.5456025749653686,0.49965478965034454,0.9341450501854457,1.034595075364411,0.549474246001346,0.8495798465416642,0.15254103381952488
-4.07185742867167,0.46719410902052877,0.8008498423023686,0.6439035896364982,0.5872809185773586,1.297989854709238,1.2590628087503823,0.43675169520296186,-0.13283191598080196,-1.1671593271846323,-0.20785328963784244
-39.0707909786074,0.41810383574132803,2.735383132569792,1.291471527816145,0.10002254290813867,1.1103103892657102,1.3251886542689375,1.1761566775278884,-0.09041865330508139,0.9279054257708482,0.3464232386711521
-77.00663546117539,0.27587155721020146,0.5940911087718116,0.5835989150542205,1.272366958203396,-0.6085480382022916,0.9924609947879974,1.0495711491614095,-0.7151460682867438,0.2184749930142556,1.171724496158586
-22.028335578134215,0.3999688832284814,1.7516727218454706,0.6766843439439207,-0.036818369232725745,1.1089695791302754,1.28259714597072,0.5015802424140885,-0.06900256608473702,0.6442538719585151,0.7365190068777508
-23.417294119989652,0.5104851735729341,2.3327642913747457,0.13385067103532683,0.3959355462534371,-0.23450337417613398,0.7046346166543752,0.7642948890825524,-0.16630115105649745,1.3441862544979593,0.36027283251566217
12.989933147105479,0.4039628078071412,-0.9827736130799283,0.056690296542539986,0.8838571964301514,0.48861057731376084,0.3600781605471136,1.111848696729705,0.13320866965153755,1.3405824170351728,0.3263724952520407
-0.9814973554227429,0.3648595246020335,0.025288117697267687,0.3418986491992834,0.8547540771654782,0.28197033597265586,0.8487857837578251,0.4812149788004157,-0.41793049987000147,1.1599821096664014,0.6291346111039027
-49.19050264401809,0.3005048944515365,2.164206684979887,-0.07951894297711304,0.5818702827868018,0.07047242112388197,0.7700269760536727,1.3129220367266539,-0.10414958739142754,1.1759956225968233,1.021062757495769
3.5622641381843714,0.6440667553271772,1.3136652547453165,0.23406618220020026,0.36518106355983937,0.33336211080021494,1.256795920894321,2.1240360901884916,0.16718876571370536,0.12168170061403194,1.7893877224583314
-41.41387478285634,0.5805830589698286,1.4450446341285406,-0.7858025442142037,0.054012073297450836,0.22782703946839955,0.9422273185151427,-0.3985951650639282,0.4392878382107139,0.3293031488701936,1.4253687951287481
-25.926618096500057,0.163916705775891,0.2510805771011059,0.9617118175077529,1.029692115389586,1.455590761974641,1.0133078819253516,0.2225123346211566,-0.2169365888290744,1.1132506660215513,1.0190432137827343
-94.54174013322304,0.548350672598225,0.42503341788094123,1.5382921809274466,0.9047603165012599,0.2668289891230716,0.90383431457374,-0.16616897482245874,0.5120109527368994,1.4509150767301378,0.28868360039952023
-14.841660522831242,0.4084137235868437,-0.26107101095230667,0.7735864858789583,0.5746301750773032,1.2581423764151711,1.0702854061127418,1.704884941674318,0.2403728759117107,1.6486833782320338,1.2734807513086135
-3.6190016721750276,0.5827805916150877,0.6383201731114251,0.6093559408294394,0.32484867309294285,1.5186073317459474,0.5376193903009449,-0.20739896985549222,-0.14362078250070112,1.0135410690472422,-0.17701896985037036
-0.7035307507686048,0.32486978349908113,-0.7313251047297693,-0.3005214199364543,0.11163427203567489,2.3322354783455364,1.2899565455354254,0.9550304715801297,0.3652457701570158,-0.06434798710244316,0.12651076705602993
-48.88725589409958,-0.09996808883082525,1.0034641948519345,0.33461279777939684,0.796394821356818,0.9141241477124021,1.1106207616258534,0.7049939031138166,-0.3380901758985396,1.1849352572047471,1.0814165047356787
-50.89231911233124,0.3968226962111645,0.8898558916530828,0.5749241393134175,0.7843498644538653,1.154935073893248,1.1426963446124347,1.4503539525977311,0.5801338595265499,1.3386339668507405,0.7382961886200543
-28.51549732200774,0.3650596807438326,-0.439196533160779,1.041380881374399,0.8449218581727898,0.1363290488445199,1.2941488219092865,0.22120545677332892,-0.15213278238168676,0.8525678554565117,0.3583928399936265
29.15739542136346,0.2980027854594254,-0.15408202003716331,0.36964955133391225,-0.12806257930984222,2.000677089138467,0.7287365402920181,1.1135724677755898,0.14844532623529044,-0.03510469936295124,0.9705463706659518
2.731996883603397,0.2796173277980126,-0.872267660835238,-0.10751386202694191,0.8971828675837966,0.728487583618758,0.7308926560145831,2.5667316122785953,0.31495970399113393,-0.1779382406009078,1.0425281681107332
-11.8419771594412,0.45979235870958446,1.4836727788773483,0.42302322350503635,2.0876818725487905,1.4458406804064436,0.7489838639222619,1.539501668855201,-0.5012177576212773,0.1230233690907917,-0.039052804754788006
-25.798667061553918,0.3810398784942699,2.1061736985271873,0.4242846622065972,0.6055015801255791,-0.20789699265629324,0.8069932388280907,1.0161214632098299,-0.11347172926534246,0.5912883259882986,0.8604435833334896
-20.10458211372734,0.42393552660889183,-0.5430179708818554,0.022882725640260282,0.4023111141331167,1.1075948869234844,0.9297112890812713,0.11789207420099101,-0.07394324330733072,0.5177568235087473,1.0179601041722215
-3.041987318274586,0.25747916222402223,0.7977793102262665,0.47717552873427954,-0.708314111505132,2.7169667569209786,1.2309405255686119,0.9926635012284224,0.3752369303249427,0.6513630482466355,0.6995500378578573
-62.368431384413086,0.44225914658310017,0.4516665410847579,-0.3629730329113001,1.0247189383892206,2.5892628816220125,0.9565149050266143,-0.5170538301103115,-0.4021897084144277,0.13374360757108816,0.8134003620822312
-30.565023861733902,0.19014636412075647,1.2592448823290103,0.106935330824111,0.8909687527290946,-1.5053174198391082,0.6167854282468468,0.9495183954947679,0.2482318042870871,0.5374788122977331,0.7308823792033248
-32.0561109039748,0.3510659242724187,1.9488283455301738,-0.03418238491718928,1.5704954582453503,2.9476658359315406,0.7524328552134469,0.11960124627944457,-0.10149422049235077,0.7850709545423129,0.40773374518239447
4.0184368728932505,0.08754292976737615,2.1906823274172167,-0.12966190689019896,-0.4053430361856505,0.22332733384545955,0.8409809818050618,1.7832358869181064,0.2812298549720479,1.5329275665452684,0.29479941984934355
35.11749710644168,0.027975534824378978,0.6331602041422805,1.2285785311694954,0.6515573402601144,1.5315774813904335,0.917374928558534,0.5501077323630958,-0.23933783265611747,0.46747043673871136,1.8138506745249428
-57.08069830259089,0.4213604624982432,1.6503696624985742,0.32520519220398936,0.6809250457623195,1.0970245349881798,0.9468707138151221,0.2886450616188001,0.015743023260021603,1.1104287945702878,0.5281317299702908
-63.24258490983017,0.5442148285712783,0.5158009265094852,0.8147093548686934,0.7652344084495502,0.805059705957041,0.7185527723500558,0.12038931897596994,0.20388949078560525,1.5214455447228246,1.0637960586392814
3.5129362064331957,0.24996686002024382,-0.2642678813630519,0.39112526826707206,0.07903459127576351,1.3348056214569166,0.619000022230514,0.6957212891883746,-0.2480148010784815,0.331163645901707,-0.8597613038051415
14.552730832603661,0.14320121687264428,2.066780204403222,0.3149304312356822,0.45734144279687305,2.6426271462904136,0.9991176528826847,1.543399440197665,0.022514578265429033,0.227642247228296,0.201367747013736
-34.44423272480719,0.43102522805031435,0.6414407862720752,0.30016421541528565,0.0761128187878114,0.7382013466176837,0.6405243715680057,0.7495143052845892,0.4829422701437455,1.908166807528499,0.7760843778751082
-28.391276620147018,1.0328471843761653,1.175266710903791,0.6536381184818898,0.47534001747167465,1.3496326796078826,0.7587501975489442,0.7063777041422121,0.5874183078167932,0.5254799682516905,-0.3034253854436617
-21.537110593077365,0.5035970205784805,-1.0137454495158418,0.01058572813732872,0.6809516028532862,0.7267985834068131,1.175911738534892,1.1386344303827245,0.13340209293440897,1.302698116103917,0.43557528713468163
53.10929911082652,-0.14153628473268443,0.13567925549866877,0.5313134276760397,0.36612373709813967,1.4867948979019863,1.0123524280358291,2.302536289272085,-0.3267904177893372,0.7906170120853951,0.9340184301990834
-5.480396853159305,0.5157281999326382,0.9543249435347995,0.08218936543146199,-0.04502103352634801,1.2410331101011667,0.8080343360301572,0.4848008426159852,-0.0032110419103205355,0.12532254730072534,0.5375195582985706
-55.09881697969051,0.33809049039928896,1.998465762188552,-0.2658166002904211,0.15008861419034103,1.2547655997443985,0.9901508466684781,0.30224369848269983,0.5790240465537285,0.6172370535145184,1.1934738687157602
-27.985949934588284,-0.01777289798585907,0.13753993255902297,0.2909085922034047,1.1155221162017765,0.9952569899966588,0.7489891667921981,0.9760240953068862,0.08705448038859935,0.17812403378481845,0.4383490858319524
-63.56732836781511,0.7813534906709031,0.4002254851840171,0.2213050707594461,2.0597846306996104,0.49151466598857363,0.9945571888244646,-0.0537560311674824,-0.1778435244653983,0.6652547193712228,1.882773276288829
-15.85336315819765,0.5236542692932336,-2.0204705566172563,0.4312296356037333,1.1396847235924925,0.5657393599007853,0.8449999199399438,0.4603460596481795,-0.07199383885248413,0.6529577804721804,1.2491371794617185
4.317036994575275,0.6857379912809645,0.9778613163234526,0.3837761229255909,-0.08139770295096516,1.1841385244893197,0.9895484054681125,0.023104543761275687,-0.28118830098455216,0.5987977644099962,-0.05161346490719443
20.590702721786847,0.3875347292998424,0.5377013123247851,0.8318719395007468,0.27891096007462945,1.110643023620469,1.0979474411015504,1.1821791946657614,-0.3940407877542806,0.7732898220652112,0.1444407177077408
-49.33891502267564,0.5804038699168388,0.8205083466013765,0.5544975925558453,0.3013737305277206,0.9122532881393941,0.8276134536577083,0.9188423614560344,0.08437657542065272,0.4921251229236483,0.19941529187160467
-25.06390498501365,0.3999565956666419,-0.5497504648871641,0.6665137614145048,1.8390620841621677,0.9183918118402323,1.2106889100913654,1.299688568924029,-0.197026426593163,1.082636554324132,0.8042550008726549
-42.98738882434982,0.5305379743217236,-0.36214253600669255,0.992447334271784,1.0391522100583486,0.600505431703535,0.8023534863852839,1.351149728643181,0.5665456046387235,0.5476624993803803,0.4012975852992193
-32.15439614139713,0.5466027675624265,-0.7282677941155558,0.7781197078301005,0.5365912588359696,0.23629565298796262,1.0358788040378553,-0.42690555282436426,-0.09693638435024536,0.6185665253970043,0.3366395303494221
10.428527647505717,0.2903679159892084,0.6561375005827207,0.3560578652280834,0.5461991932593033,0.8339291359846401,1.0863063673552746,0.9418210812773843,-0.11255738195522266,1.189845103611982,1.0216869496606056
-85.34328337225993,0.6143512412883988,1.3430679397662952,0.6318228207510262,1.3558661768816445,1.3964434883435022,0.7688394741576606,0.06378671150780746,0.7567121202176318,0.6859887158153647,0.9908652140201841
-23.679539035809324,0.4166142886513883,0.9887270936948184,1.3617110826485495,1.0949051974799975,-0.3300563259499494,0.8931209102959735,1.196180998348038,-0.28063042225854984,1.0905537885260124,0.5956957675913798
-10.672715413221571,0.22945388834743347,2.2123776739709378,0.44367073347245595,0.04638577999151472,1.6746847960376092,0.8231559307513245,2.4349106316421447,0.02227321877386298,1.3592327942905555,0.18832642093621466
-25.282800876706133,0.46466315964255644,1.2375338809054082,1.0205244540274594,0.975749433233041,0.6480821509227009,0.9932491463890623,1.7524902045119555,-0.25965158847229697,1.077820175506962,0.10403773866297411
-80.05406925651067,0.1365716085635256,1.6035631792006702,0.09709079272060545,1.8884900139046596,-0.712272928636116,1.0917929923639573,0.9829938647443415,0.21017655496261362,0.25364091656192894,1.0212682825559596
48.75190532265158,0.28242672952825765,0.7760892305756397,0.24812950768288844,0.8026083556063912,2.083111731210707,0.9765132273446571,1.6116420884354308,0.06658916126857509,0.5393263848353826,1.3637184767577462
-5.99036878919614,0.6204904449819729,1.1830630053939302,0.3088797195877576,0.8445767312382741,0.3642598527664147,1.0732952665761024,1.3864039080023112,0.06964885902786529,0.5463889736647419,0.488756536032234
-5.443699024593599,0.2712740176656384,1.2206550320076652,0.9110361067253644,0.17510244897626898,0.15748017416609816,1.0937159514879171,0.4528034461835366,0.051772285423205916,0.11092345148382166,0.24261405615169523
-63.20612181108139,-0.028137420700213356,0.4229714080346743,1.4106848947642323,0.8058159369663724,0.08589248765689783,1.1256629377730702,0.6349857105162542,-0.14808803521473812,1.5371230109283092,1.4297143902369276
32.577002405567406,0.17366515627889634,-0.6173729536767694,0.062021961998374675,0.3877553802064518,2.375518329916024,1.2199236593819736,2.4693182439574244,0.31157688606551737,0.5976260688994979,1.0288600142243869
-13.447843373855177,0.44308786553142376,0.937141836841854,0.7712696572802632,0.41678951808483394,0.029439162456765255,1.169290717190073,1.3541069612723198,-0.3414549530102978,0.7226788364697938,1.3147447538746777
-29.73159894344964,0.21828421247024246,0.9841850587005333,0.9138617945447092,0.7932791443388612,-1.1735822693876594,0.9369193124341018,0.12037337226226708,-0.036552278616167826,0.31380387085209455,1.5313006520687962
-52.301520962567984,0.3554977786165849,1.4284718952319777,0.4051542485049138,1.253936815857631,0.16170063416228575,0.7148378589547619,0.5525933028284917,-0.4314822160247025,0.9333882628343447,0.7225191449288015
-89.60535520659863,-0.08065031987843457,0.8788474563154902,0.6632752938707248,0.8611986765992131,0.2345413376189165,1.0271944769746215,0.7084991900287514,0.2932638523397932,0.4942276067032484,-0.0018214677046385352
-30.12223606666936,0.34325940039002584,1.6905374224046044,-0.19096645022859793,0.14016513652993828,2.492326400293501,1.0526899184441691,1.1602294279659269,0.22799459977791722,0.5818048205443672,-0.6487578317513643
-51.18421389202006,0.1739299383596945,0.04175843162241988,0.5808372497322147,0.7097241689477242,0.3144088870562258,1.306067150375721,-0.4447909551051078,-0.027004441217598443,0.03495534662482158,1.182724276604649
40.30650461329666,0.05231282660398218,0.7693786249191072,0.4184925424294696,0.07838234998874227,0.44651563379401454,0.7033641998958509,2.5062550679200304,0.051863825578700375,0.1487658942980199,0.6162325279510179
4.895954265884841,0.34610020788172624,0.6634335666411871,-0.0718195798390896,0.052795687562082416,1.5866299477506758,1.0942475046764975,0.9554544457359271,-0.2761499333141686,1.7063212609181142,1.1692412579602065
-0.5478890721830432,0.4804709884643561,0.1357566070256967,0.7492596668377531,0.07621384099755635,0.4245517768152828,0.8943324266706515,-0.19327201125957216,0.06851428839676671,1.4973872343627945,1.158923146484052
4.904564160381927,-0.006669274353610477,0.07478985546111827,0.09066500051026061,0.5192743733102562,0.18600123228104581,0.7257466074918835,0.894296867972102,0.3210905557348891,0.8553835993627502,1.0030036252463606
-7.560385883998479,0.024732902645351995,0.9059713883451587,0.44609655447528074,0.5511148475663327,1.3826971770098093,0.9099107403296235,1.0262422721734517,-0.5075664810156132,0.9916447296818969,-0.2560621669532427
-8.950448152190583,0.17206257496144092,0.41158305285697,0.08615119033522761,-0.17610021669046505,1.5535156042598688,0.5829823302591686,0.1230099439019462,0.7066443131847073,1.175462975342878,0.058123133700526575
-32.27002541503253,0.16075693520622558,-0.11262604224894146,0.5081955611445848,0.18106603482250727,1.0596123088017153,1.298812402504575,0.8408523453186829,0.5897862236445153,0.4760477873357446,-0.8979073086077245
12.751177307520667,0.16035114257479346,1.1747285570016466,1.3496362428888986,0.9249121811685127,0.14253601827627727,0.48376811439035466,1.1779026014723428,-0.02212238208692449,0.8901361214107926,0.38847650168040604
-32.61581590854675,0.5534397788580043,1.682665336144193,0.5059938649311746,1.0083790208350676,0.77519164458629,1.1341048781092649,1.4841605250006331,-0.2551539463356831,0.8741798362607787,0.4757736054084546
-11.491363040702396,0.2695541546261154,0.7229995854120035,0.8457765531702026,1.0336425217326577,-0.36989369986316345,0.8225866785662198,1.6847060212400393,0.14702572599341895,0.44100489323352127,0.3995950302154366
-4.762819987063546,0.45531955085723025,-1.5542986792428146,0.2361229644350808,-0.32448079391592954,1.4038789224342243,0.9514430977042418,-1.0664214023178786,0.36260928424599653,0.41153552047333575,0.3312621273075397
58.99853608940389,0.35105810581780045,0.5635288462704331,0.7240088242412563,0.4922955934612046,2.582499722505962,0.6606397091236664,1.3262662025329335,0.15678209148086514,0.5905811298928034,0.03584009918511322
-41.98214150569963,0.04595097984146179,1.6971164600160216,0.48271325079764055,0.4907146687946034,0.9684248704238496,1.1673929950850956,0.08656450660029547,-0.05428538595190793,1.1467322068780506,1.2857061667810914
26.75672392138789,0.276629349564984,0.4187944789728382,0.4522295431560478,-0.09438400520292645,1.3028935818718346,0.8337755681358459,2.2411280629100836,1.030427444055706,0.7643699022576816,1.7487280927738866
-3.6797624157347872,0.24494353246676953,1.5276756717609037,0.4874928282928279,0.7496183606519107,2.070061209856145,0.8235377547933997,1.6309704255330377,-0.20568882928668944,1.0820311022181333,0.031113082715862106
-38.608963906140474,0.11269957659393712,-0.008403836401661313,0.23521553684382496,1.2613373932574135,0.956705954570042,0.9717638917025135,1.5231774902454287,0.656874698108635,-0.7827614535270779,0.045075199920478703
-50.78540546655606,0.42202649158028976,1.0964387557586703,0.6632616451266857,1.055886328076613,0.4533720971076329,0.662334770542032,-0.6538885793204589,0.4741327281552463,-0.15616788895978595,0.6903616581993822
-80.82765777982361,0.12572794923266295,2.4576255889342518,0.294920320748716,0.39944682700993,-0.5283802754487983,0.6158268175952386,0.2114733290991636,0.5776821058201677,0.2610936068821536,1.0814200612666656
-94.97890860398599,0.07265138674516025,1.1097873759419863,0.104277806169778,1.9227715781169135,0.8522418709641489,0.7017094531494918,-0.336051069158564,0.007942480933636293,-0.13408635930770718,0.8793517497824186
-62.250059212566356,0.6966928425753522,-1.152024477985768,0.787487252535241,1.57070502979133,-0.3031849071234656,1.0139568707477429,0.3912763463535568,0.8871827774919142,1.4135329447428044,0.8156131918911456
-32.81662132565606,0.24500177249614608,0.8296595707891669,1.0413508546009806,1.326963788187013,0.5323984048185346,0.8905239282542076,2.411384725846844,0.5558945434991648,1.00649755317645,0.1607376269656628
-0.5268993861849935,0.474550160412883,1.9213925509794136,0.5014664566731503,1.221907725555461,0.6508336029744768,0.8168143207103465,2.0481896560569117,-0.2137229682718592,0.78271471056485,-0.1437448983399645
-4.154110676686702,0.46097189432552044,-0.03546018316665778,0.6738315713693328,0.8239943184403553,0.5542585801259772,1.2935809211906029,0.6128531784627456,-0.5505198554593675,0.31431629498381203,0.7662917741472979
-102.98317164995865,-0.02159485435896069,0.37022800274901974,0.21785058337582847,1.7107691790569817,0.11425692311729341,1.1602020975153204,-0.47637977079576277,0.19980779972216803,1.2182275033316325,0.8379876603751453
-45.20193455098746,0.156878090425864,-0.15907444704148044,0.6716262472328867,0.7881159950207512,0.5215662275818478,0.8800802161898827,1.8706138244236383,0.5170674863570103,0.8779430305229518,0.7108953459439775
45.17771548324036,0.2587854563048967,-0.7933669577770186,1.357439546251685,0.7746154317417645,2.3147731805581104,0.7718849202784827,0.9659223826681745,-0.4061591608511194,0.7316116334985896,1.0753331246279427
-44.4001143649254,0.4558791978031526,0.09695007487874119,0.5953380792651733,0.9020894506584776,0.6774573183458068,1.3151768825802985,-0.21416892480863148,-0.6765217902226476,0.6560606264367391,0.7113983110095676
-40.84183124807241,0.23550662114917664,0.5641707084412843,0.36060809429644075,1.3016120844773211,1.32398708944064,1.0478597990351342,0.8395666524582147,0.14280262356317405,0.15810922881769118,-0.035313785160231315
19.132762541033784,0.5254966327047975,0.6811020386419087,0.7481167779311833,0.466156228977889,2.536208166299885,0.8856618505278495,1.0934172418269497,0.12586628750416026,0.2433954912398627,-0.16495359817678779
36.15798699416286,0.5047861319265525,0.37923809216311627,0.8844191651568327,0.21207653581989605,1.1997377281766899,0.8552594497721779,1.883067036296989,0.16406236152402995,0.9346407198048448,0.3853269772295048
27.812466220790547,0.39564486696609596,0.3060502214693228,-0.06838697570011454,-0.11381585654696003,1.4199124355915327,0.6261822673351436,1.3617616668945496,-0.0678507393984419,-0.19565492153254116,0.4745175103045501
-19.6823207953601,0.14616419563163008,0.561491337423523,0.011444729398967901,0.5849821457456155,0.39932006748147864,0.7645715978054175,2.1843229646019005,0.40901318851685176,-0.003388648778407166,-0.020997881962594223
-76.49749788319698,0.5041664693353761,0.9126738876613696,0.40964661264638336,1.551828639879349,2.3430588020992094,0.9353626240289189,1.1701852877455692,0.22567379658745873,1.9827611966954781,-0.1853805418085942
-13.960933102814543,0.6518637482805856,0.09862979969753838,0.6692325289424406,1.0287686210424138,1.3900882449554768,1.0346689448832012,1.9214383449765449,0.4041566869955508,0.8698357527921838,0.6736802269673045
-9.342052557117185,0.3839203034700293,1.0313659694174622,0.13290383000208017,-0.052682638295947215,0.24603084988170654,1.1098665272002814,1.3666052211242103,-0.07519426123408722,0.5959323951619299,-0.5932672215363053
-44.988514081408624,0.30690644544823625,1.8641344690969166,0.24292619318822256,0.5243083564917046,-0.08887460878421749,0.52939041368752,-0.18000126846991893,0.016213302455937384,0.026610444007275302,0.6213548843152035
26.669831975978788,0.5614422560591283,-0.9642257024666079,0.7704925452973354,0.6534136728173807,1.3199647321838608,0.8065158837889298,1.0316237100269785,-0.03801310883147195,-0.1415028819895321,1.3967778467676786
-29.535604765279544,0.3983295484400229,0.16071346192438962,0.42176592426578996,-0.2715433399614601,-0.6270747585158516,1.372524347202366,0.08273340102160964,-0.11067006761672342,0.7915639645879589,-0.549288104551749
-33.1413539406696,0.26335060979634767,-0.4905035973505081,0.6246362923076078,0.8577645297038166,0.3546694400086414,0.870573311200802,-0.2692095965092077,0.1084292041641884,0.24972412008783934,1.657004576396289
-32.05450223580546,0.3018561613279804,1.5457888291687771,-0.18426850928148908,0.8569723514030189,0.8764863848459504,0.7774771924413275,1.3122011740855495,0.3476746613227377,0.35603839285889755,-0.13304517958694673
-90.15701968411173,0.7315954153753655,0.9364715202059126,0.07192299255116114,0.39454523065544456,0.22858837933177856,1.2227935856822558,-0.9224178243344044,0.10138515726895017,1.7899203164188435,0.22398756071625642
-58.816133057166155,0.30998174580657206,-0.3296722735342541,0.41144101475889344,1.1505827254796037,1.8193929954215888,0.6794299987482834,-0.3300902805897784,0.7510752057844695,0.21120743565551608,0.8086943183351181
55.40845964972151,0.03931024957790202,-0.2948177006609787,0.6332885039344558,-0.03415046256948495,1.1978962656849954,0.7402327575918409,0.8387785046778052,-0.2596409455880806,1.671707159257895,1.0642287930441228
19.48322393000789,0.07943964380255114,-0.022471161927220984,0.37698809886996243,-0.13725091898535602,0.7800070071987742,0.9310269960018241,0.35574240024234494,0.0499523101231661,0.02778867131157281,1.703190702572411
-7.994337340010155,0.2382267918377174,1.3713477653160373,0.34835689960372246,0.3876130304799793,1.4844002323412608,0.4664597647050456,0.4719817049013821,0.06629565667820464,0.30745606483328713,0.634028903550496
-50.14194597912253,0.5984693475151017,0.31541553460787713,0.004174274085876228,1.7260692483190416,1.0898274557998795,0.9702106848390191,1.9282480354235645,0.43483333285675485,0.8009440099454127,1.0563364837983749
14.362572070607474,0.41421520887724533,0.06815797770821785,0.5091729874814133,0.1822813046065071,1.110991946552212,0.9833199727119807,0.67486716565558,0.10544294180820896,0.3365452652155138,0.3719076168973652
-53.24926036911717,0.5360467302852779,-0.21819344555932962,1.5697890196383653,0.8230158533626548,1.5136691607998087,1.1080934743507864,0.4961761615187327,0.5259792006011493,0.15072076971258075,0.6349084337627822
-53.10306667970076,0.40910908082725617,0.11790011781568366,0.6062218370648075,1.5472547580257419,1.1822585799794547,1.2829258866526767,0.9881664791055164,0.3911160786531463,1.0558949368933364,-0.3175574096991082
-26.01764354567383,0.06647096816312031,1.4412886882153415,1.2827758768763369,0.5765120975842917,1.6301517100977347,1.3027124036500435,1.2260108458670036,-0.29966604489278725,1.411558640948329,0.6313425251897388
-2.5298209237175335,0.3458516654425053,1.494729388876122,0.14668489436410703,0.8988512961604136,2.182319057104367,0.9724333802697818,2.976607632261133,0.5510450752862529,1.0501884534260586,1.601205215425532
-44.194854195448976,0.4003115011033463,-0.076093302120395,0.056320219319409115,1.3895191170270356,1.6658702606135396,0.9048961397230275,0.2875066378386225,0.18003410896302738,1.2768925728883698,0.2436290353147048
76.02258471891484,0.3196572897007107,-0.0848560231423815,-0.10722312313950111,-0.2534270130413465,0.2006080226644349,0.7899649543718779,1.5352191058231959,-0.317833812191518,0.7685021312401447,0.4511193951608573
-75.20403247209376,0.4923371121569211,1.3951572677243091,0.6529063725016345,1.184986119566879,0.7440985849132868,0.7972810122731342,0.04179962879856847,0.5673636705603948,0.9364119041125842,1.3685866023132571
39.34110602354621,0.4219996830191043,1.6988704844322493,0.6402476263036693,-0.274704127722486,0.7773938994819876,0.9214622439024793,0.6858233063012529,-0.030015651021011523,1.067212416378674,1.7532582590680623
10.056162674215463,-0.061947642655837964,1.253987749399373,0.9570820865276968,0.07249709912160307,0.3705299140437375,0.8346652804754111,0.8325416263115417,0.13154005693555243,0.10072212964202176,1.2718617870766449
-48.39200197782357,0.44212798020610705,1.529346294992226,0.2065544794095181,0.49942660441915787,0.5598242803598334,1.151235277928597,0.3377620707867983,-0.1435507825181276,1.5320396575376392,0.6405239732932021
-14.76138076322163,0.29887553891388563,1.6229234752092339,1.3407639481752165,0.6386977023074123,0.6171585899069822,1.1658228003192928,1.233614829139433,0.2186504117492113,0.6547345341828146,0.4508830523474877
2.1509356453278605,0.5444050773637985,1.0335858869871901,1.199948162583314,1.1281188519603806,2.733491476628595,1.047011317374251,1.620820441497254,-0.2748938165683019,0.14923102222085405,0.3547037779372675
13.217178776648826,0.5193013496683697,-0.17553064305515886,-0.5838060090281777,0.5978676443188446,1.3485716137110086,0.8026714056904642,1.0363208957270158,-0.1915468940190077,0.9314116608703505,0.7936158606947663
-29.533251624242563,0.2964729417724406,-0.11873596734369773,0.7467808944969285,0.7638930424112639,2.00713949762482,0.9440468603524832,0.7712632866683325,-0.15585576896097325,0.7385264280949447,1.7330354939582324
-14.624175057810106,0.12267077224521938,0.6945188213914576,0.8131760017679741,0.6423414521450616,1.8402739682986315,1.0792954455359582,-0.7700124408304171,-0.298799302772844,0.8951208342312162,1.0362218994283463
66.43861878388128,0.8092273299735988,-2.2127533603058533,0.6441053470076085,0.13952114062869136,0.5835469512210066,0.9924213579688052,1.0170642274111323,-0.0010202024003481119,0.9320199725452035,1.893151775203901
-104.06727592042654,0.35790526426332786,0.787853090300664,0.23095396456280337,1.1134169301884627,-0.11704491639144199,0.7135569547255642,-0.6413846265001525,0.08356356410230764,-0.0520635482277334,0.4779809412395084
7.189341579361372,0.36252805202863464,-0.8043214213045491,0.8410022802878844,0.6974876822140631,2.0434945082947173,0.8394222054388001,1.1567577395675581,-0.4897602687648379,0.17454249661244414,0.8870572875649687
41.65882117475245,0.3284375940864518,-0.549699958383288,0.11822267441898798,0.3206252469943761,0.15906155152032442,0.8503887593146611,2.6575248638037148,-0.5997513869679457,0.07377629707684541,0.651033210210823
-19.83937420542138,0.35783809220350904,2.1398377497401357,0.29151011512033653,0.7877791107535087,2.288572945251194,1.03826319376999,2.1603420392235213,-0.19923576657137468,0.433731360364833,0.4188356108538352
-15.153457532864852,0.5741303244332284,-0.652768037366289,0.46504931853441156,0.4869592650719042,0.18746461428425587,0.8489040615547144,1.0809470082336186,-0.21115689765135143,1.4213762976575288,0.6457620640110655
-23.86364333762047,0.1562888220293326,0.7327351189383392,1.0038324244865622,1.7331922238711548,1.3566385608043892,0.8023616178764629,1.663358891214051,0.12680482318917652,1.327350547676497,0.938284442092781
67.16803173902011,0.3133223872708831,0.9896269414538642,0.9105357149129969,0.22301956842343368,1.539149996147681,0.9627511655935456,1.6502678542360807,-0.9947457137734651,0.5169889571138223,0.5277521865376529
-6.4263948209111925,0.17183533490691894,0.7784598210496281,0.5274601272217625,0.29868286116354076,0.388212075866941,1.0657753075019367,1.8228411991215303,-0.15202243102594326,1.1171481229507634,-0.19447407995093502
-84.5256579659397,0.25432632542243405,1.609307110022081,-0.4522117691840234,0.6533097732723887,0.81687480107707,0.7357709950310355,-0.34469871772886995,0.31508094146179855,-0.38502005658171967,1.4185377864401223
33.33105159006283,0.38145954385674685,0.3225260073730578,0.5913650065519234,0.6256097803823154,2.5990459905482624,1.0575712011259757,1.6801952184491,-0.22600000343978266,1.9477719593475888,0.4234588967476428
46.994635716421094,0.08990399524933143,0.5634961283695498,0.7749473577327751,-0.7881763264978571,0.6041736253962997,1.0475026951739521,0.3505433856142438,-0.3138910358401519,0.7651760365575158,1.3203452861859943
-60.57038673306549,0.3175385816167471,0.7198315452994654,1.1581826345226593,1.051682028864637,0.8740236350085667,1.0733886009231766,-0.5554528300978213,-0.14382056304029245,0.702140358051141,0.13346372391278277
-11.040930376243988,0.03895627104354982,-0.3888072761384682,-0.570713500082625,1.0307400262371413,1.4869023681946203,1.0036637059154003,1.0578360149340913,-0.250020546832777,0.6568786373677896,1.491997476873502
-48.480032090223894,0.13889660784249655,1.8158182167347738,0.6700175900665922,1.6887658829427359,0.1838766201518981,0.7675514122707493,0.8691097626501977,-0.09524866777435002,0.49934807541981185,0.34243955385001174
-49.60062335058975,0.43764719550083075,1.0554561909207898,-0.4437597496143083,0.18631648375244636,1.1636797568318302,0.7903203889226015,0.07365665866751936,-0.2568779698739229,0.9974943314942688,-0.19359309730093188
-2.5110581782361514,0.23936760059590542,0.5414285761179626,0.8866007696005123,0.08240677470423086,1.0626205084145812,1.0654992561990433,1.4934174390134922,-0.11547938706167904,0.4437605361704981,0.9944989972903819
-73.20162513389454,0.35742467871952055,1.0998592237189686,1.059172218212327,1.0497988065236987,0.5174941271843511,0.8180377782351657,0.10587285062704088,0.07609787289977135,0.7808905935583224,0.39555403184196647
-57.10909678836557,0.41343894667459175,-0.9766257262641154,-0.20927738480290092,0.5652666832917975,0.667517426787957,0.7928803785836025,-0.5437121232913219,0.23649395665584586,1.3085542260493825,0.15021876163614362
-45.1279514680537,0.34694031624859006,2.0977599702709635,0.8923785461419502,0.8804255697225174,-0.3094500794569246,0.9626159493963193,0.46003338327249005,-0.16570037461135073,0.7628442413480079,0.5346904740216512
-12.540878952763606,0.2619583439120261,1.9115648463257247,0.8776939883948691,0.2705861546729937,1.352398228961747,0.9979484348496208,0.8821345790831465,0.25658321609514995,0.6787828092479411,0.1402115031460171
-11.118706137037918,0.35943591997379243,1.3620389605870802,1.0584439156974914,1.127759165092843,1.9221562541766117,1.097132936635014,1.2428583307280798,-0.18847802520886311,0.39999554764172524,0.9442345271761329
-12.823257701829494,0.20249313152859683,0.9310787105517162,-0.06018254659286293,0.4751186170497268,0.8949041763130486,0.6792715383272928,1.5544597583902215,-0.2695414550061661,0.8549314914156023,-0.5657840524630573
9.247143149881737,0.4798326196670013,1.0550115326589466,-0.05503965902606922,-0.10048493980601114,1.271291903509078,0.9142165927004944,1.6286451396689698,0.09054121236490743,1.5159742898592543,-0.0003476537104641908
-8.225504629054551,0.23148748792856538,0.1779980742799342,0.790636196848931,0.7305587437035252,0.5828381032496075,1.040119144887883,3.2528314025549134,1.0539833365636562,0.7864974948176016,0.7055515118920233
-2.158062362790364,0.33043773756142186,1.943586228281865,-0.08690067948532043,0.7891404583633638,1.3055071930937847,0.9988576162223368,2.005274674887439,0.08959129194918761,1.7055870375987037,0.7421289647556777
-55.055036791763385,0.07056010024611309,1.103094734623645,0.46507294633207413,0.756078033628464,0.6044586897375084,1.2234909655316224,0.956655641389651,-0.0373239778536794,1.3925293214655259,1.2101233740572737
-31.84366080009067,0.08539111743925976,0.4322183916786777,0.36109936882995725,0.6261380017316848,1.5832764703127262,0.9632158445056436,0.8447121995062703,-0.48165337206964504,-0.2504905978477193,0.35009770359320347
-52.675261200407284,0.4312827686521827,0.20867518111942684,0.8050927945456535,-0.025997631226143847,-0.4320422264425918,1.0630860912629378,-0.2440128222256578,0.22875441219564258,1.5688412629453623,-0.6094518864818639
-31.94975915042063,0.47541495695904135,0.7084861540772024,0.14911405847185522,0.4810808982112826,1.7534179095894242,0.9625896017776425,0.09142183212183641,-0.3196474879559525,0.044652734135793515,-0.3043376649091881
-25.18384694982679,0.5251325127007558,2.2975610435803064,0.3691234969196638,-0.2790066951833059,1.618539196033847,0.8367871092646791,1.9848492278299088,0.5395984798406774,0.19278474135761448,-0.24624959671933877
4.145247527363587,0.4158392856180067,0.9097221319858947,0.007298131413851827,0.3033148991734019,1.474683012995311,0.7008283750068185,1.6939015754033315,-0.12520967623100085,0.489732281211371,1.2265970858664663
-16.55136881935868,0.14025357008259795,0.6863664687007881,0.7331699176358606,0.027196849554817715,0.8937506165308522,1.1268010353284081,0.8892693950301347,0.3979396484323654,0.4628692520174089,0.3992740862805921
-63.49732075122837,0.40394729476363006,1.7444958169226839,0.2600727680754422,0.93159740304503,0.0722562370467913,0.709412732691296,0.41872539939873843,-0.4750920100627943,0.48965791750262744,0.9200232461227447
-48.716582202449864,0.35232455937614354,2.2824786986243453,0.58620100695736,-0.08608229325277805,-0.280724202641639,0.6513851683821043,0.8633989959043082,0.16935777475530897,-0.1583956120061506,0.6747106035093637
-21.668460687918103,0.48744716184595577,-0.6077955884955208,1.2439187365445372,0.6522894623858828,-0.1916460883593767,1.0382227111471058,-0.048594686158566436,0.19277111101255118,1.0019864260547477,0.38647368483191713
6.936644290625036,0.6464040912670017,1.7988274590150428,-0.0908229614578997,-0.02632863349575154,0.352369660533027,0.9836842262810462,0.9645719774125701,0.11753578509410027,0.41729266257830155,1.6158574206559444
-62.53774447098246,0.4168894432685214,1.6515015026064628,0.9707825052437768,0.7765455986001513,-0.1545419407660391,1.1571225666481273,1.4428196231302177,0.15194806916484951,1.4867454533304056,-0.4830517411253634
1.7249413136342575,0.36454672474853966,0.5971288656984197,1.5046282328050573,0.7819160683735249,1.5086821333660272,0.6130628658630177,1.841884113548418,0.3524160664746592,0.9036413810034006,1.0362322696320252
13.068100579091567,0.36735801086430264,2.234169749846232,0.1760141222759578,0.84673340912467,1.3004678282375177,0.7973558517078758,1.0699244465339193,-0.4158748609979607,1.3258183932869803,0.26173830102166107
37.097268657125085,0.39335931602369956,-0.22801617277734942,0.2965510353226456,0.23416257858396822,1.433807631897926,0.6042301094001594,1.5321842386660762,-0.25950802769416453,1.485885648956871,0.5301101428019188
-23.763455560393005,0.2791068814731391,0.9219044656905968,-0.28789714922061016,-0.2612155778429297,0.7979073723993715,0.9220751911060119,0.2667373700011958,0.2602817488750398,0.9135151283532779,1.1436826437850196
-7.641145819629468,0.5299488232498579,-0.5255126355508624,0.46129735037337233,-0.14309615340113158,0.5276692356109998,0.6682965775044378,0.4031700149967752,0.35225082905667293,-0.13969357174385677,0.9952943151479687
-27.707694560621402,0.14750043763670312,0.5657238581950313,0.47934642426627894,0.34913393868160625,0.5920750016706082,1.2498195400461398,0.2637419757301781,-0.13827424002539662,1.8835383637507706,0.6202798151628472
-55.772241224773474,0.479655822070547,2.5707659061978108,-0.5150064070568742,0.10186226171902513,-0.3052307276182804,0.6264727274902228,-0.7539898837527429,0.14604926194274076,0.15951897351196465,-0.21936293317636968
-31.836449674294997,0.3540969414792603,1.7744130060191199,0.49985657563857827,1.2266040939164182,0.6402644035337577,0.8387707313212273,0.828541391798818,-0.06370991521397425,0.8519305617542856,1.4171968106017965
22.68928560636321,0.7702467031458934,0.08244894596113217,0.6603323270385587,0.42518181621981366,1.6368960830041808,0.6038410062180926,0.3397370002357144,-0.11190390594146221,0.46594920814669294,1.341802767591446
-44.33519778570836,0.5336511812186768,1.605023077514014,-0.7743987242681357,0.8117935210740391,1.158009544710465,1.1458996213637533,1.1970439247233338,-0.3664477425639127,0.29889105192679666,-0.5183673335703525
-45.34941152656811,-7.098130144095327e-05,1.4361477305401773,-0.1601811798069045,0.7098871902450927,0.5598316054180581,0.7227428012986129,1.5713824620462287,0.1935779210487365,0.845105172886447,0.26305025996197423
-39.85883857005538,0.1378691294636656,0.6208709709234814,0.25254168709905556,1.3996854124609757,0.5597596299644224,0.8667851436737157,0.4943544871076746,0.11596117701333274,0.7421674262976392,1.3049749365661483
21.492376077400145,0.6239497061384787,-0.3891417815394642,1.1575431480077274,0.026085530078296504,0.6761138802426561,0.7046513251265396,0.2622875974800054,-0.15608000396044552,0.05279682757006221,1.3632665007387565
-32.40639677635923,0.4782253442353623,1.906436026419647,0.763075861862311,0.6781543512238002,1.3159121551086905,0.8243991011115105,1.5213387814103259,0.029472261498573075,1.231128179182867,0.29123408766456804
-14.005717033226393,0.0746904411616392,1.3110991105702743,1.1117833787820144,0.36382101665524547,0.9471912616516337,0.9148166295450736,0.48801801316103094,-0.35696875105102815,0.49445189729861905,1.4301113649116832
18.796858854856822,0.1457238487643024,0.9314119409090156,0.41339171387887935,-0.3105109413533639,1.0593932858737982,0.679582200953931,0.6004527775408967,-0.17896715281167472,1.729524606973539,0.5776885771805044
-42.57050256175327,0.36029764810716874,1.1457269208632315,1.6338986339233057,0.5661542248076823,0.888863820962451,1.0218930383324094,2.3453713127812077,0.7231473791519132,1.290523402160204,-0.2502342299103836
-80.28451069353893,0.680000292292098,1.1863148510379298,0.010057204772206618,0.8931626684596496,0.940274363208901,1.1991174430212506,-0.0716486775970816,-0.1836580596160573,0.6774611530938222,-0.5330849730577665
21.13810422734679,0.7620005120669497,-0.4578717064486233,0.3253193438002035,0.4930820974376139,1.7446290452208049,1.1618628597236298,2.1963656665371984,0.18910590811399883,0.20834851854294134,0.3506590088166843
-36.54641151223876,0.09587777619130844,1.005059096193241,0.2311998663418498,1.2024772825100314,-0.2798589715446942,0.979546401333628,1.251543366556781,0.0639102931560172,0.5129686143134016,0.525069359740228
-10.208141055148428,0.02987969805854357,1.062966695422161,0.3985047732124159,0.5003584363923702,0.9074237499482063,1.061950011416795,1.456112367557349,-0.11441268942144653,0.11558167043785839,1.0305991118035966
-59.36424439597464,0.22573659700608575,1.3877757066610537,0.2512896402576808,0.229481186505129,1.1164822124478133,0.9223850775251856,0.42828313720006594,0.139473892182521,0.09873566310301751,-0.21635790174353342
-53.3835687015864,0.730155299094082,0.8569574221927552,0.45234558386900964,1.9027086674043034,-0.15391936006178342,0.9839831610087196,1.353165861266198,-0.3441381676737685,0.8650029513757741,0.669991895107906
30.200995716083938,0.34263552347245385,0.5460439606460331,0.5564604735274725,-0.07963029325957538,1.2086286349549895,1.124780640464816,1.4237622033999382,-0.4403540033415008,0.530022811690771,0.19408504446148217
-23.04987923801722,0.15183108845243462,-0.5554492317068218,1.5992483098652355,0.7323297824835975,1.0523276021744747,0.9762139092162434,-0.384569505461127,0.002171989200969315,0.5811115303762358,0.8053736027934344
64.1156025862219,0.10991858594280243,2.2876983600033376,0.6842594623294626,-0.16747087457448928,2.915739860758039,0.7256070668390162,2.0327595755831562,-0.10306474437466483,-0.13420919233248707,0.3428014034354962
-31.889635200269286,0.18599654750482458,0.7000621793149802,1.1990147626203558,-0.13678059119232788,0.8699719115241797,1.1341773078192028,-0.1406928342102115,-0.20861278743042463,1.65589591109405,1.6733171135377003
-42.193393538482034,0.03951293860985755,2.193695311230296,-0.3160299531517009,1.1489263570535178,1.0728596302675752,0.7959210624318291,0.38666455852323167,-0.22792077751433568,1.2583606180476412,0.6816573816788649
-32.51534037737345,0.0881432611220509,1.5951248774277622,0.7621191665796053,-0.20613015328385031,0.32737800581247656,1.0256424501806638,0.7849265969378124,0.42057868303704227,0.8291938318695796,1.3433499426517177
12.322970630278942,0.1605493757909512,-1.6883164577701715,1.3110387570174136,0.27078507225412235,1.0948311373155803,1.0039434161291627,1.8037016595901982,0.41369848770447754,0.6726352065691384,0.5020338938709351
14.738050400396055,0.3896326476985993,0.37781124571742747,0.3746048792446345,-0.1651979833195263,0.000635701957207635,0.9912388900646062,1.861572070685512,-0.4087869992492162,1.6098170481924572,0.4709207060913053
-30.115534758468037,0.4338821459387399,0.8643857596543527,0.6876023014019027,1.5088290463694864,0.8497934655638336,0.741598258744453,-0.011049351405812757,0.16670693457196895,0.4452180169525806,2.397922970263658
-18.88540193419024,0.06784024351937318,0.012902663750876675,0.8493067727020118,0.20027400384952143,0.9632928391320431,0.6496497320660557,1.2364853415306973,0.4632735346524054,0.5227276718860536,1.127173807550781
-26.05314485293279,0.4218627093141054,1.3392879851578132,0.39698991571825215,1.27912149920078,0.39214732983442563,0.8757028763628028,0.931799624318801,-0.3283120225316156,0.626526769640166,0.06373216266453574
-24.68361895228039,0.36073903828561904,-0.43234797238823464,0.4518476380502345,0.5012957632068983,0.5158349715408765,1.0922587355439584,1.3755782787593782,0.49536915099048706,0.3592531724998097,-0.16410244038360866
-8.775318141067487,0.7334378730362192,0.1078465355010817,0.08661193930666727,0.2937980586320737,1.9195661282940217,0.8289054140336503,0.5491199066846606,0.23338207893178453,1.1188023026330534,1.0832998055083358
8.029514850132728,0.3924387054227408,1.422360343324005,0.9503183364051875,0.13651343566443114,2.1916160711956847,0.9825390641905091,0.8715191688862324,-0.005359240837047679,1.1263235079220066,0.7006550311676668
-24.81788422884422,-0.009816072189245462,1.527491918550321,0.43856058694838923,0.5673829345232356,0.2817055943768486,1.1438509378631683,0.9217461810479123,-0.03418583734110667,1.1370992815557512,0.3831703045397463
-17.07929984657899,0.17984756150468442,1.2395819654915696,0.4234470068937472,0.43449042396193505,1.772697572462199,0.770672714907995,0.6621102400294735,0.1295611588292161,-0.217980163353936,1.1832202442546547
-40.841544465599846,0.3215897456048831,0.504669004796333,-0.012657948340479508,0.1634613140560987,0.9863414635036882,1.0955300291226502,0.053717544504852444,0.7764003632671569,0.16490283835612973,0.09521894614550908
-21.41642105810446,0.18782331984415382,-0.5625143263670247,0.5220564043174623,0.7142732800687547,2.8278233156694697,0.8127282804469211,0.8216376796949533,0.7712146114116178,0.8959117495112212,1.483972158572454
-60.094669365728734,0.4958735878603124,0.20490563655800376,0.40441067739762293,1.0500264407020776,1.6114905030215003,1.236362762256963,0.7113613394046354,0.30294202681352705,1.334056683864541,1.5703604184162132
67.8443300075023,0.009069071433273623,0.23849831455128556,0.5248439267232903,-0.4032303354756519,1.5517049569819217,0.9341497193197213,1.7377331715667887,0.2497147563666416,1.435098141073808,2.470569436448431
-12.22053069950642,0.14153128025705722,-0.02404794726247239,0.4073833416852335,0.9019948948635599,1.3731464306662662,1.1638381366296282,1.4921857503659335,0.23991148357529038,0.12162519799428728,-0.8184128348734028
14.018363743753227,0.3200890288066858,-0.25724501712233416,1.0794718710830624,0.52859508483673,0.9857274130292251,1.220942060824533,0.3468572929093172,-0.08274590173353714,0.8162173637961163,1.6205570077820048
-70.12253417792498,0.2720878810021675,1.1470136752892321,0.45840292243038255,1.7472358067876161,0.9372361932872297,0.8796537594593853,0.8580132203058057,0.7325634673282179,0.8444956520032528,0.9322571685743042
-112.36209288977787,0.14263669475905036,1.83036130065965,1.2980284689650898,1.6831615678749414,0.04023119531457542,0.8011390523280966,0.27038458539718135,0.35911695409403155,0.5516069280943559,1.2317802535657305
-14.699718380792731,0.4411904867907243,0.5962545910351275,0.6825802533224958,0.45590485973184885,0.2942385794283048,0.917559821222836,0.5187721772501825,-0.38981714099442855,1.4224214946407772,0.8999385658885388
-68.76811520501693,0.49738403113310414,-0.022084678703995886,0.8449840229290748,1.4748636782844073,0.6666914435514749,1.1013790259039586,0.14106293838847805,0.1580374531760253,0.49482317445908597,0.5740933478887301
-46.35869785976951,0.5591475556853772,0.4885445169793924,1.5020034182804816,1.0598557632133172,2.0668742278973244,0.9723253770041803,0.9165014339153766,-0.031033473135566758,0.7627192560430454,0.8089542963984574
89.38335457135608,0.411141763264201,0.3308725192702676,0.4521749754705323,-0.4150286549414187,0.783378601032379,0.6021529245805575,2.657517460894134,0.02643029956809754,1.525771752592596,0.16944094551735722
-13.010314965592382,0.5363960368672438,0.32543769689213076,1.0584212262451158,0.6851307491207786,0.9195904881707502,1.2207809782813306,1.0131661691753282,-0.12148061065611088,0.9521434322481211,0.46319331870297503
