y,X_1,X_2,X_3
15.333173282321052,0.16443843150957077,0.751379131958219,0.559666986608992
18.441004357898215,-0.4438632310109837,0.8937949499527422,0.9325706644311513
1.1836489522008398,0.31835389637582084,0.9353460118385781,-1.5053017660136825
15.854373561853304,-0.4883319425519481,0.3868015914067553,1.0325943970250129
23.039588896579794,0.4719599347554905,0.4799025205609822,1.5511826025447117
15.024639719844929,-0.27870396492521904,-0.1252612663920224,1.1800109830694034
14.973392763669729,0.1290582215296721,1.20858105525389,0.186373255067727
20.132414979021203,0.21997330321358843,0.282396351112332,1.452956715558564
0.09359012503976771,-0.15072953118120547,0.7491388353524222,-1.2041329112901327
33.19209931736094,0.00475095883830709,0.6320861012882475,2.8455585385163027
8.043302920010369,0.4289379096287442,0.30163733090963046,-0.1512968382751425
5.359178132780648,0.08624991400091261,-0.08724413202311976,0.07954716170389764
24.49248573435439,0.875322420499047,1.1598795757602938,0.91562368463156
-5.228683663956559,0.4827021816954816,-0.3045260956711009,-1.7602016593414112
16.283819906950484,-0.2664736454677659,-0.4833844056732851,1.3835619374791623
18.345132233731967,0.6067518371664523,0.6625368115934305,0.8818410347322276
-4.603057082829931,0.16636578898612683,-0.7364203351107261,-1.1981531550678328
14.543561370615448,-0.16939038806220225,0.6480974717957124,0.4969178669551406
18.689265803249818,0.17625609742755277,0.3164940572807807,1.0119565023843846
19.678235788962468,0.14667971500923885,-0.24643192096407696,1.7872445153139838
28.53663819374019,-0.021311956885740807,0.23252851828529297,2.443759496351183
6.30859342480091,0.05678365130625326,0.8976839135430708,-0.855935501314048
4.008520839178377,-0.23309799419014976,-0.22295543127739215,0.10999343556801183
5.681509843903453,0.9544061368167682,-1.8876018848487763,0.6760259633938153
32.19429437303128,0.40444516880249903,1.6718833656619003,1.870863035571833
-0.9151447231011467,0.3498524542155165,0.6520435700617186,-1.4823440078360948
14.43082496704336,0.2953651038437065,-0.14126651727689576,0.9762709355976655
8.475746751760516,-0.2686677436298699,0.37187182537316515,0.06490924695441946
8.387724336382117,-0.08100275303091742,0.024620280501961578,0.2530055321028281
15.49464706666774,0.014434602575914585,-0.02980760345464417,0.9667493142379572
18.65045042599301,-0.0029664264629793713,0.5108322805177261,1.14214701608048
16.716019699078004,0.35263271391557904,1.0241628913121805,0.3024830576077947
23.717578169076145,0.4099681392385722,0.4937671006217193,1.3232100398139273
27.881236829385607,0.37841259376033415,1.3672242970023416,1.441705144433397
24.48945598168354,0.20848744933056138,1.4986919586194511,0.9018161186957133
12.805051061576748,-0.07569273675714228,-0.032631354820923386,0.8255307632898062
6.717382448700983,0.024954119444607514,0.28925897769809394,-0.10228804151813331
22.431540628253234,0.5162010642009531,1.0592363742890316,0.7146870137242791
20.077876447430054,0.2634035094313408,0.15997615678973603,1.5422855237066835
13.280267828696037,0.16112402328860523,1.539964025929692,-0.1518861817428767
34.13138110126609,-0.31069903885662686,1.5473848659606184,2.5155346094930136
6.31968294040006,-0.26069151238821714,0.14911150802269096,0.013264494583691444
25.33096920498075,0.02506852238821128,0.9536987460900853,1.3775591584947187
7.697299734750564,0.40361716966877836,0.4598363374027761,-0.5123472489442037
23.35754254873106,-0.09929680510255429,0.41605530752780356,1.8742234397520692
-0.8738785648161977,-0.11588613264092867,-0.021382309567031133,-0.7450928038482093
16.93854921600177,0.027255393275914502,0.2526053225532274,1.157147050843443
15.226824118250988,0.20897368222400015,0.2697789002462336,0.8345578129710212
9.715618092808018,0.21480320548764212,0.8508314426849093,-0.6785071317725763
5.471450912860392,0.3449491435346058,0.0822412460433834,-0.44877490950453836
19.075443178333032,-0.15547518506748093,0.45366426565436624,1.1225279145191367
22.96230259042239,-0.03372317673328393,-0.38104137864958076,2.354570340375225
17.366393612890768,0.36057649798640995,0.45130194324814665,0.7779384903598181
15.642974421106857,-0.10723049035253612,0.9270689420472958,0.5479075398375757
9.171431420303133,-0.04367155847367796,1.02375699349719,-0.35168839390719775
8.583414434693466,0.6958524849965164,0.541041188666172,-0.3873026971832765
2.906838812797332,0.6732966914276832,-0.08791802940552917,-0.6881846972764157
10.223194188638006,0.8281005152195854,0.5595835018045763,-0.4592078222670526
21.89429434013275,0.28335527193594845,1.2978855675539214,0.8425401744998644
-1.2595409080552242,0.29504860778469844,-0.9318148015199641,-0.4894301299299926
17.921660054915563,0.3437267914936169,0.5035674259443783,0.762325744953247
18.707714105936738,0.7482741780301913,1.8670198252458068,-0.34074215458368873
13.307611957957494,0.25843623314561254,0.08250150727841643,0.5713869162679611
6.662046240239057,0.4389699427696023,0.3872952208376034,-0.496873612337029
21.623021646781535,-0.24067115591261673,0.8506974105794372,1.6039187904734638
7.008411749621925,0.13063435091727763,0.2664048698109285,-0.2209195896319659
-1.81121995357016,0.4571515424032451,-0.9558822557029973,-0.5809035270371598
12.004174806172571,-0.01634460214451222,-0.3864448919035246,0.7337291692434297
15.882123772645244,0.189769607339932,0.003898858588029852,1.1331840582865664
5.554060737565901,0.6075230467409849,0.62846916220392,-0.8270514035725175
9.49641431358826,-0.13999169496792335,1.0779640625427547,-0.4092738513212755
32.080157023721156,0.04994087651569651,0.923359702140417,2.808114245682616
7.772232059917335,-0.008093013028309393,-0.7367263242897997,0.6134260825473061
10.01144128693247,0.6027064955113,0.9489105472154209,-0.6554719584597385
11.866083428674893,0.1850691850546643,0.12638106498439078,0.2248931162155655
7.286242328606035,0.3874546535409381,-0.013603990825450551,-0.06752811452207796
15.86797757741592,0.18226239631556632,0.602828810517366,0.586952833943459
30.959365111592106,0.12407365646210117,1.0930084735553276,2.058225842430642
25.977297413770124,0.27841884423565394,0.8264726986668999,1.7460172371871
-1.554900958258627,-0.26380123045108206,-0.7389287455198557,-0.5495552529260398
16.05444907172329,0.5859816789755945,0.32789740528736844,0.6070816843228803
0.979011626936896,-0.28149941155958075,0.837502780704833,-1.1294225415250492
10.875722335491101,0.08787953722102294,0.15730937455785693,0.29533632225649964
19.35471752859651,-0.41004170032998755,-0.05024667195980648,1.7003978790169714
15.162692416543846,0.385882205883091,0.9848001740294722,0.23738975930431605
3.9212617002408887,0.022015716844086625,-0.39571740838736347,-0.007456056637528463
23.152121822617303,0.4353415233884951,1.03492158637442,1.1796976498034684
18.605075824929223,0.4772238405444261,0.642811983261011,0.8286491215326934
14.763105623044364,0.045587236080604665,0.3184358535674693,0.7226590707819531
17.975970238965193,0.6550763340610788,0.7308403308699178,0.4941351637778809
13.970199110986414,0.4426334325471266,0.16997585934693837,0.60154971693945
14.102950690156133,-0.1965277265873469,0.16847228010016446,0.8638146817845269
0.6421088418724139,0.6201312379226227,-0.18524459582864217,-0.6882980448334429
15.7099436882264,0.24383162159813204,0.2561492050042472,0.7528451917849839
-0.9806964350010112,0.017324074752118168,-0.5732234732632001,-0.6066179175980712
18.03140197783857,-0.11982483557316131,0.613328120302434,1.0948095648373295
13.058648941042769,0.5509211580955715,0.36118006415946435,0.26965078081952687
0.035329354655774914,-0.1923494815675434,0.9023653116007779,-1.2379077715308404
27.279897434520116,0.6474943382235809,0.3776963443511401,1.9037543332584943
30.253595539310027,0.09729787797028432,0.47169541975389817,2.549747417277966
20.128074104671523,0.3637416252231104,0.8282975682264093,1.0325213439921184
26.674030481106783,0.10020064733785033,0.4197599039674605,2.0867806704860685
16.0758836335938,-0.44652141115349553,0.9255622359044685,0.7666200202585114
13.291597251509174,0.04278660496769571,1.759771016533072,-0.18597734293361234
6.920391635365437,0.24820356055075504,0.4397388962283397,-0.29374872657175566
2.1306305106708843,-0.06998288939297959,0.8755431958261668,-1.1802276736238242
9.955577038862073,-0.08564784227407457,-0.7566121946428268,0.9156358270701015
7.42840511016794,0.019811123568942546,0.8109982943271657,-0.3934672918693993
28.82226169972056,0.3156323221040904,0.6001900258431072,2.099785835642071
11.711465053655509,0.025399319519751745,0.8975151619479564,0.08924864155804857
6.403674650693871,-0.21326313163325405,-0.4385249469193955,0.38550887099754705
2.857111597695579,-0.7865080135992975,-1.0002832932002934,0.6103726582991312
7.600129359861665,0.17198604297493894,-0.9715287417189118,0.6187062214487176
32.21576484302144,-0.13126642737403565,0.3738021849286576,3.06125815733986
7.276731927746166,0.11823176515305311,0.02786296489039103,-0.10833956937911782
20.662566714113105,0.5656636001296629,0.5006209640930863,0.9768031668342001
20.228252321959673,-0.10791217051136975,0.4012649431660051,1.3897395702370285
20.13679030731283,-0.21878367837031404,1.0714068652734774,0.9101703303243308
7.736835347118048,-0.34743585360807205,0.01720564885301823,0.4394063043320227
18.047287360129353,-0.06114992188138027,0.9436269814701693,0.7530405229532693
33.71258718713201,-0.16767963095001343,1.2837957653009027,2.3985485582290513
4.040387314536332,0.4739851003791554,0.8358906060448105,-1.0080622743285153
15.21941836219588,-0.40734691492623776,-0.17447471586062469,1.2608584873037363
8.085196368984136,0.5000254150088599,-0.576488515035744,0.3133272320334103
7.523858890195291,-0.13788065359176166,0.31433805839304435,-0.10085275805414962
15.66551686625009,0.296793637300668,0.32009173674397834,0.8510699618938393
7.571174313489216,0.12618909411980642,0.22370304851566236,-0.35763877184732296
-2.7216577509709463,0.22081820522065282,-0.5871304621772755,-0.8507008584780676
9.436959265966653,0.25893329615068533,1.1700514942046183,-0.48082998843164926
1.530069020450961,-0.12086610690056054,0.7463346282202235,-1.10432091009509
28.83380663509668,0.6543209215057195,0.8658400753168891,1.8786048744578268
22.48021392694158,0.09227374415737688,1.7830416603468235,0.5429682380022307
15.777232561241732,0.21267969555725436,1.5895434828771131,-0.15038966891534966
6.872152247794881,0.36783018592468353,0.9458797937202141,-0.7103772439104784
27.59987386061985,-0.27901781903770445,-0.0898122313872115,2.6834619672853934
8.543946912230485,0.07605472564422522,1.4069019883196885,-0.6824314992240422
18.55803698930039,-0.007046870894279356,0.5966605218904151,1.2112340675215352
7.2393724091508895,0.07666358029636963,0.5111518700020219,-0.3816268040497355
2.6052809444768164,0.3004262811193446,0.23479385656249235,-1.0021366873723565
17.668341440515682,0.07643598236335239,1.0622984269194657,0.4901331625829658
14.017775911040037,0.0291250048984997,-0.14406590114186235,0.8578363523013572
28.6143098877437,0.49653420874581755,0.6182107991851071,1.9919117248662808
17.254525290790706,0.8909854118842261,-0.10405648671992573,0.7082209722522739
1.8795106318878574,0.21619045105402335,-1.1167348909373718,-0.10975028443725843
7.92545562501853,0.17542474241408357,1.3421876313282253,-0.7743206478448624
1.9043629155097053,0.2256077770695033,-0.7349078631681842,-0.29824253151261226
0.10908865359727482,0.5982677936366341,0.7371884765834944,-1.4289826741272105
10.875412196290451,0.30690257521983555,1.3271660670397925,-0.734870471755067
10.345906009892403,-0.19621723339695246,0.33897062555659385,0.3020811546397123
15.465357602738017,0.20436976531620454,-0.26826315341718276,1.2739443701040243
9.707402614050382,0.025643503133365553,-0.37097781654655926,0.7079515754202732
7.814314634377458,-0.5924678513998588,-0.0626925192136975,0.4522420655202602
5.328865544132031,-0.06730536203744053,-0.5980827284623011,0.1612517262932882
22.382296931415155,-0.19974740615232284,0.7075458355736293,1.411778116704737
37.83030557197593,0.45181945334301016,1.1334205059863005,2.7909328588020275
23.766704217417136,0.09606247785765878,1.6905906473213947,0.9323079046122742
12.0526148485872,0.4989565806963362,0.882206325260056,-0.06341521032338737
23.208697721337458,0.10572391046496506,1.3323726456543863,0.8697180604459996
4.761311336270191,0.7147636615252874,-0.08393175102417216,-0.389251458821548
14.7854898807646,0.009942158052841349,-0.31517074053241445,1.0951901893773328
28.57688649055291,0.35984500357123617,1.4104102215299457,1.6780330628906208
22.267353818610054,-0.6544471276008571,1.3884332219424946,1.3227200337693508
24.87933851567168,0.35603794349899526,-0.13634207049151215,2.1705618385676164
24.661541790048943,-0.2864708085091292,0.4640407853232811,1.7008284389264396
17.617038418388177,0.12480852706639144,0.9880586147481835,0.5742201742121481
19.304366983283405,0.5985491083230409,0.8754937302254583,0.745034806543489
14.144528443700061,0.042369580939568496,-0.3764110990467544,1.1162481032492213
-4.231269536936614,0.32775406449940037,-0.4903012846861009,-1.1184739323142594
31.91925940282975,0.6036330436602995,0.18609818617302068,2.674375800998122
9.23689061181035,-0.025304296349701966,-0.21521866330613593,0.5831102785332167
1.2531623862185386,-0.26249651597488405,1.1994526949521664,-1.245123048023681
16.69040911860359,-0.3141514777584361,0.2265044095812029,1.1104465477051293
1.6790269860959075,0.10334806832193291,-0.32782941709558944,-0.5301778640821662
6.371901584166639,0.0028804710623166474,0.8896852877225193,-0.5220266327135615
19.01372995794466,0.8183872622428685,-0.4140227346648665,1.3315920661976919
15.703700110799346,0.258752281872751,0.7579602208158949,0.5375145321134488
-3.729506579878529,0.29529772772896723,0.10950322309807997,-1.5131872945906348
21.611346246671378,0.24896912311515856,-0.14319969133063348,1.7146264218694518
13.028167101369176,0.8259758411267106,1.5906906594470855,-0.46077482158117467
-6.001126791303987,0.31046610220292575,-0.9270374295172346,-1.0171211630518653
12.252665515893945,0.4717447310110125,-0.611938617791622,0.7512833879276879
19.818028377288766,0.22165940494937086,0.37060895040060055,1.2104233471781014
14.776681311468575,0.2292135320493558,1.7162317623504613,-0.3743221088558957
8.396496401229536,0.3251015926938057,-0.09974359661057297,0.18222128173691948
32.45414560055207,-0.1324932251993136,0.1952205550787377,2.8761076032285775
18.824234551336673,-0.1849312679381167,0.3023178767785394,1.5406688175573846
7.849659497044133,-0.4294954188681298,-0.10156930432616373,0.6215805475170532
0.5950335512425351,0.6107375076996984,0.4250716103613907,-1.4026056008298546
8.545929674556334,0.301741941075584,0.19232907371084676,-0.18113317777505988
-6.448169919379373,-0.6251213254174093,-0.5592220205565798,-1.1906569376689071
18.67527887726154,0.3554741259476678,-0.14700786651826014,1.4136629778533045
19.384440725438353,-0.36619363448591036,1.1349267969700017,0.8314255513499753
7.175223305658512,0.2249625946714991,-0.975093318853645,0.5501392963618283
21.384263010715095,0.31075554395535665,0.24414983491441422,1.6381472417606275
-2.8322626666723636,0.32360363899748773,-0.4964394866714771,-0.9780165408638991
29.909697331372346,0.49687585277053464,1.537940095733146,1.774201247379212
18.452342175675284,0.01112597544100577,1.5510588688248739,0.27835528493128364
22.60126450078235,0.6074275759560578,-0.2629567763100965,1.7333181944377896
13.086796780108305,-0.0240940578401814,1.1108832072704597,-0.008784957607501698
10.772036589071186,0.0860940913234792,0.7865886939901251,-0.3970565684691417
15.834384526020056,0.33949765498908346,-0.005969176409634236,0.9954318103044723
13.18219627172621,0.24555093919970725,0.31974385647804315,0.5259375839589118
3.3854634289038392,0.130190260309109,-1.0688257478102121,0.2726031458426931
-6.25245473356892,-0.031803188731525794,0.33811745370394913,-2.0129662348737405
3.886240298039327,0.06076369992125996,-0.4575284953697757,0.09039549114560574
1.3285842139164394,0.10447620404372292,0.10613263353996655,-0.668886262348931
14.104838385618441,0.23190713323099799,0.9455264247363505,0.13594772435639835
5.950211892698173,0.34901410054124105,-0.030207476793409127,-0.365499041411248
9.074601185617356,0.21397064643922464,0.008816393379828424,0.36381738225275195
3.7078435474423537,-0.11254548916739898,-0.41988492651756504,-0.08050813722274419
16.230701262825615,0.10802843263728151,1.3679597635978753,0.10089370918862361
18.041393170191533,-0.1639795382826576,-0.20406944104853186,1.4699474750461965
6.755290326829645,-0.29728903287296454,-0.07611097969783515,0.0028759950710058324
14.488476632643632,-0.1626080864480366,0.37156799600054036,1.0114692324021766
10.879536901912711,0.4445856669462142,-0.008898397000433711,0.20046168731164027
20.608768062628787,0.6990410836285832,0.35464939798078177,1.1489861255549785
3.5127413851689093,0.09669414749580638,0.11829766231037936,-0.46112359837323824
30.410540883341564,0.02036617165237875,0.8450081000339256,2.4803453943245684
15.794852828134706,0.4921893710202803,1.6172527753267372,0.1304504414784013
13.002166902917795,0.3795155688723388,-0.0927880152313535,0.5792696591415218
20.504169166457903,0.3998335776966064,0.6576666792064794,1.1163461591153947
7.883227586106427,-0.11401392976366947,-0.011877124672073358,0.16396502912693534
21.578106339498632,0.4308760350107652,-0.6404285789108051,1.8660808813595078
31.31471937133638,0.41368228686351627,1.8793966174374643,1.489715091372326
13.5428343975043,0.14941191097147383,-0.3588504093366298,1.0200774193405733
-14.40233086261463,-0.07420253765744894,-0.4696913397481417,-2.355176363720475
13.787770632221505,-0.4405732917250622,0.18371944037307766,0.9744484999608465
16.296361535888927,0.6060990010062219,0.6977918326724852,0.3681245174673658
11.903621102726184,0.7720985096967882,1.0317102929352453,-0.4589417129489348
20.222992271580914,-0.34463046289345245,0.8935060666623542,1.274575826920153
9.124494762817537,0.7059823300901343,0.7876704095986258,-0.5222680749453904
12.810011094709042,-0.2874297028993713,1.1506620216823387,0.35581727654915524
10.334376806617403,0.1499956859982266,0.574199005159472,0.015719081551085756
-2.3877154480716145,0.5824063359201515,0.9547831905082917,-2.16097125585833
7.306678247980861,0.34163346585694077,-0.23162589314815685,0.06087553232391696
9.868772376599816,0.7893070395091739,0.05658478972998282,0.06259697875334186
14.282207850466008,0.6983786369752604,-0.0914827422876533,0.7258793460587994
4.905444498643413,-0.39368092151232803,0.26589268500305274,-0.35205139147112974
17.348657610258567,0.13282873411400906,0.36810805742537345,0.9223217449645279
35.9504642982341,0.661869126114951,0.58659309553001,2.9388095669605057
4.780590450672561,-0.2293630183028711,-0.11655165628057473,-0.013566604517586678
15.236828312502126,0.5821147988011917,0.4694713648177599,0.4982404208678135
5.315988354702613,-0.3911072180194979,-0.061246632722847805,-0.02473120941415763
13.838920912853025,0.3361210411846771,0.1919829412727128,0.6051335976771754
16.25367553265121,0.2507983058059142,-0.033183793038500164,1.1834229872221664
11.647355102819505,0.18530088057608438,0.04518375911172251,0.42197281927705266
4.024626572668942,0.4327696306475276,-0.8479950098457203,0.12059082956981271
23.218501302216893,0.31566036343878373,1.8171990784523735,0.778296177453885
8.654433358643082,-0.4630519394641389,0.5831536455420291,0.10787526720853269
20.12120545536453,0.4235756605263173,1.339405537842739,0.5050239578835516
-1.6862132655827624,0.32754383447460234,-0.5900914816182738,-0.5565057683177795
23.772950992312115,0.40022733883018236,-0.13263419485766648,2.1580763843583006
18.182635558215313,-0.0067369657303595065,0.5235399973458418,0.8608648675967114
32.65696516570823,0.28488127429467025,0.005267899260920084,2.912760107459609
24.0834929085536,0.2193319730372199,0.6865480773959596,1.499536041658577
10.270906638816527,-0.07921041588756611,-0.13567608704803047,0.5504994052570558
14.972929268550098,-0.17839707778441138,0.6744651408383855,0.36322991959331563
3.1940479725859254,-0.03273865376924884,0.5553928817378988,-0.7213107517635539
9.588022050991292,0.7441562491771816,0.7537306241483938,-0.5819521395571451
8.39790914349297,-0.12281881777383502,-0.8529679762402702,1.0579911251594714
20.509800753936055,0.27801350933560676,1.198978906969642,0.5915242746448645
16.446326450892187,0.3742016417028845,1.1455830718674105,0.35112868107898065
18.98888807221072,0.3087489038708277,1.371362184433714,0.30503000855969564
12.873831722771158,0.18058640267862133,1.0979751349066627,-0.20980500592129425
8.724196829313676,0.18526532489664999,0.7353525446813787,-0.40561620799771814
5.300574281412453,0.10215835950212437,1.323206902292518,-0.9657610628655334
19.304293812812205,0.32439425444442493,1.1520250310202198,0.6683720837440044
8.56124089089306,-0.625806364729645,0.3001788116433044,0.37091879189065946
7.189513301063638,0.050519820933979026,0.11817818528320917,0.17582972687699866
13.192734639694521,-0.49340756572663536,0.5148052555939389,0.7140599418603598
9.336018688361335,0.28935672688462566,0.5251254290386702,-0.19312732167827174
13.587100964475027,-0.18245735192287166,0.1860823872496348,0.5866410330659191
13.47319151563719,0.301385183758475,0.764964933985535,0.3084003741717988
17.992634713122282,0.07636833207685188,0.3936996989294453,1.0761500934855999
8.072056492505371,-0.3529729422628337,0.7820774785150734,-0.262034705321737
8.16566238984761,-0.14824807674093265,1.0955309217729579,-0.22464256074703692
25.622564886626407,-0.17076508947606117,1.7081359632441702,1.2780976107172957
22.563750496628295,-0.010536108517082254,0.04713622402137957,1.6991319160599203
-2.2859893224234913,0.05691523537509818,-0.9025034217293288,-0.8393659903856586
16.669448021846833,0.219779118069042,0.76784419406392,0.6546095567049107
14.58907732907883,0.2535209638319469,0.4736257405508484,0.627733073186904
20.575082687974657,0.06653187595481959,0.4280797831029547,1.319069953009675
26.598160347937114,0.19422125097817078,0.6958692987347184,1.7785283407156678
12.698036064247272,-0.0800318841808641,-0.4318536933219801,1.079265866010331
14.495608075697184,0.8257574739198688,0.4977950471613817,0.29556655189717346
17.078395918827873,0.01691763047680908,-1.4032291862405597,2.146695159849573
-8.817474924118159,-0.0660770655776276,-1.3382561078440138,-0.991865394621635
21.556259406586506,0.14757839895485333,0.6008892754583941,1.204634986053346
8.699396283396215,0.23605007355676288,0.21329870425135208,-0.07637621211897716
17.426588776199228,0.43883188946575596,0.9160169420899773,0.6934875670442325
11.431414567293665,0.24183046539949474,1.6975702215498527,-0.7705954238739184
9.769981044654209,0.35585433551932844,0.9405118036490477,-0.4715292879663857
10.498866613934716,0.20898640269824836,1.3462611520236099,-0.6697253406844078
24.431634821771823,0.393806904670942,0.7935316755708903,1.4228572568250342
16.168951459332128,0.8958056729949249,0.540699745404537,0.20421703103117744
-1.362504888814538,0.3786050341296945,-1.3759329077482565,-0.13342819233724001
8.196982979667535,0.24627887148648553,0.36579303949013264,-0.39149262320572775
9.149500610765838,-0.06522464994719912,-0.0677513775403975,0.17207695842484433
9.8241049369196,0.2624398413802593,0.6333236499985297,-0.3382192835381005
13.410175296647967,0.039132821405253926,-0.2852118004971307,0.7751985832966797
27.268609698752787,0.060641112334250236,1.7310037032720262,1.0656880089071277
19.429741236633763,0.2885505698433364,1.1930563541816315,0.7406640595129761
11.020195155003975,0.3846008378120447,0.07227830227849308,0.4865532641708848
6.883059682740562,0.2096502236841387,0.9984710111636648,-0.8227642076699325
20.325506802217078,0.2790846464979443,0.28630241827259373,1.3492027535944335
13.175188987695275,0.6265095858431193,1.4784691501687013,-0.45706304406309006
16.285755261827504,0.5288327576805667,0.23619596541994695,0.8201555610224467
4.809413878106357,0.31062033733075356,-0.2677799254851492,-0.11752443296164194
12.919230987837118,0.09350249640602304,0.10117396133337075,0.6539220477212793
14.812522424471625,-0.16345289183071315,0.22470254911310947,0.9042739105178486
10.291142264726389,0.09731176214663359,0.4349543596019945,-0.1096067070402007
13.672489609240785,0.5588896638760568,-0.1261052262439556,0.63798700885933
8.434529791786751,-0.22326136284297815,0.16774076775836474,0.11453023485728181
13.549354130905545,0.23651477786864272,0.10498441693818467,0.5520112651254325
16.212529980249453,0.09201342282669911,0.5714885938575407,0.7508633315639668
1.0213685286357697,0.17217054771597423,-0.5952838901593396,-0.3673473118679894
21.634369987934672,0.2507976233345155,1.449254858920288,0.9797050590093278
28.97401366623442,-0.003747402084658291,0.6427853654269275,2.371120326055877
25.138726507859456,-0.10475962622567508,1.3271432500234681,1.444712159506111
11.734549843857014,0.24269967342065124,-0.04283408747364564,0.5159608513364738
17.746554804936267,0.32443787145428715,0.6838901156671047,0.7140328621798273
12.395323073150513,0.07222717206652832,0.060982243222517774,0.6301419044136383
12.761924382766967,0.118369337640813,0.43926063573135893,0.19380597770827246
13.57130765326524,0.685693080440094,0.852691498256081,-0.13750893454223434
4.752214592238543,-0.08224857997233559,0.15170555225958543,-0.4309784812051781
17.095192438953372,0.45104231607664047,0.7714859056483363,0.3179629191232769
14.993603897642227,0.464172063695675,0.9635962562924933,0.1753383952726491
6.5939486657241115,-0.14654690538093917,-0.9774821698343705,0.7581764840697669
17.563131045359285,-0.09550175138070433,0.026983016367640555,1.3061705196669329
28.14304975833852,0.1368727925548074,2.0238858344657045,1.158319323433908
9.914492166750689,0.332011309356576,0.10781806515304576,0.16650346243794473
2.1730184525817355,0.281515479125255,0.0696985782952384,-0.7375886831643909
10.071929716989423,0.6243881392023356,-0.7842934429249004,0.597373472188653
6.341004154511812,-0.13192240517375253,-0.18681260948319933,0.2063595779166884
15.900915778619877,0.5633000477672141,1.0089658465972167,0.23731165372887109
14.285567977742312,0.035070692743473575,0.860325977732437,0.33241467832964333
5.199669050385579,0.2777969320049708,-0.3453113130564127,-0.013536365650202553
6.048505327995002,0.18787562307468242,1.3848331706270787,-1.1292973375463875
0.9786146570262346,-0.16747722725945413,0.04389424976515344,-0.737158998308976
18.870630941444063,0.20671590851771193,0.134924001915408,1.3705298813175486
16.297945990751906,-0.2661651396845624,1.9909372349691525,0.21383628108465075
21.41929051437414,0.1715942143115243,0.10273106608001187,1.723282975399198
0.8670145157121825,0.045402184913086896,0.8975934818381733,-1.4857681232916367
4.68456327488196,0.27271207547332316,0.1912359553407958,-0.6398446389102533
10.08388926288711,0.31577344924173995,0.15409532039557067,-0.005183272856082388
4.835230221493854,-0.1788310286660686,-0.17465595477026552,-0.135228566731192
5.3498789734485985,0.6115069809895015,0.07697613335201742,-0.5936241207390319
26.156033404370845,-0.05065391365660177,1.699749875692496,1.3987744729762959
13.290062861874981,0.022124554636133886,-0.7427231191995902,1.1640586452153474
18.94572094089235,-0.34329127343305255,-0.9928881350374859,2.597773291922109
28.325620466697206,-0.234005745499188,0.8512773098653387,2.1755100113991404
11.466600396804754,0.6075414028880435,-0.094844923792899,0.3890032885886301
17.27363527718142,0.061042188429306796,-0.2552238865869728,1.3538345769207423
21.05293110001243,0.8582567845809973,-0.03287819876750919,1.3860875893181492
11.466310754935122,0.31172906577320453,-0.11516164751237312,0.40831450371660966
15.564283782240151,0.6756841382221173,0.8479051915751208,0.3452447735754436
19.262942238734407,-0.271858612178204,-0.4239159326287608,1.802249414397508
3.7996008064689764,-0.12438474158241958,0.268195602112718,-0.5791992325119214
10.793968973702398,0.6999559661004416,-0.11647044102468351,0.1831574356936339
12.702375880440147,0.45807802450251656,0.5410909454424253,0.21085000241368868
13.744621350360498,0.39630032369187784,0.4527340481938936,0.4028846449672684
1.0627714964875024,0.5248986114444785,-0.522545027251773,-0.817674175990622
11.531974919166426,0.1300669794363269,0.7325453245843667,-0.0017531225985707444
-2.7057950093610605,-0.020542865534769944,-0.0402818008087672,-1.020774847287841
15.877675269148881,0.5628791519875997,0.028268643263018367,1.0682611833554663
9.314716436030361,0.49289771162481666,1.3559164524430904,-0.7158271456627315
9.645542213526973,-0.2982340424308509,-0.3972211413619634,0.654564893133269
9.611992188452456,-0.520328869910239,0.6419289990674082,0.3004619334041997
32.58394932075991,0.5684765529470404,1.751925805780537,1.634630285420715
34.82533865889951,0.3180557863721919,1.9574735784708428,1.9604276133647112
27.69129267428074,0.29859982997692996,1.3821729583930793,1.3095662495975815
15.509720492143046,-0.21591899804438786,0.26975347596820914,0.9356219995213448
6.281435116791398,0.4495799214972787,0.17243111532317434,-0.3949321988611525
18.01021479553156,-0.08491993382706031,1.3092968584534184,0.8782649976872327
12.129149917425957,0.33432276672166933,0.3069889355295309,0.35222871711403947
17.29620328817878,0.3946417673141536,0.3781855058314183,0.9179033471558409
13.179259375019793,-0.08160977581759377,0.28739731627474474,0.5943823704298161
-4.337694480406404,0.09274091993964684,-0.845943337355908,-0.8152180664195287
26.82338017197493,0.2022741183418368,1.4619922634890363,1.1686104017922325
29.210575134877423,0.2699434184598169,0.5717003330831307,2.1207378915243873
10.704880526960547,0.5396746876807369,-0.19885971675799174,0.23751799714707075
-1.93350050353121,0.19773147884087783,-0.612056881531386,-0.7830548535924756
-2.4918050275209342,-0.537347457831872,0.7485136228496774,-1.6238551187982835
25.247250492372217,0.17051049437472768,1.0673866135511707,1.5076690437253712
0.7951162193451564,0.19297583377601596,1.234498375353432,-1.6976939718622885
21.168437796227437,-0.39100774410685635,0.9176380082454993,1.0889167299165448
8.844431817299393,-0.2197604058580862,1.5341999473254286,-0.8591607162046436
12.599106988937415,0.28563020507370357,0.3587122539743871,0.11947377837163004
14.084403613853858,-0.019966844689427443,1.238169841255937,0.011115784977561605
-0.8525968280502294,0.018179964955023747,-0.7950854792275863,-0.3870813361343469
17.394366967494886,0.4927817872151463,0.3611421433141284,0.8823890040568623
7.88400038955562,0.11227446796847798,0.2884131166569637,-0.3972667430712693
13.094305138181943,0.2677333914720514,-0.17832722091231124,0.7470301340753793
3.8096391199234994,0.21257287049150098,0.7071366130401451,-0.8808412493380912
19.3747233764233,0.5382447448470331,1.1394324078879405,0.4020069912606974
17.142298972030748,0.39792471029341303,0.45419522345938973,0.675625668308854
27.063033353111045,0.20056692211588636,0.1800384386299785,2.3348511567917702
8.16055117689615,0.5542936268235044,0.12587541084671477,-0.17815315295850354
5.8013153710596255,0.3699044919983032,-0.25551261818858917,0.04620014373288073
9.875447250610046,0.2717337148123468,0.12546230954160803,0.1413257338724535
17.654373848502438,0.22511982215059914,0.14894143934574827,1.089860298731399
29.09175662907798,0.3920066785713804,0.2375628825310633,2.3512952237563063
14.06426653572613,0.32003852752525186,1.2977020302214481,-0.2672877694172814
16.96724358586343,-0.11189604737438319,0.24833658624560678,1.016948040120948
25.39542734645342,0.2595968244997322,1.0937701584904516,1.4043369553409801
15.542580316836954,-0.12920545064092664,1.4379186475390824,0.022929126579695647
16.138429735852473,0.21619694388694694,0.9419049217331831,0.20193696357009777
3.3420751547688337,0.22807121893127574,-0.8221450581937204,-0.17691841286481957
14.762880657151612,0.18187226532339304,-0.1706088902959645,1.0461718862556773
9.779271497521322,-0.12510117740760873,0.5556518268725632,0.21828044030946828
12.64306529817062,0.8006654448817927,1.152218244353692,-0.354836141435111
12.499699501975224,0.19527030386359234,0.2561918246289523,0.5021348590287715
13.071897602530978,0.23194339800006145,0.11173208698650444,0.6335306282780213
9.668967377116944,0.4064706200561165,0.026612637930460536,-0.11904685694504735
28.62932631248701,0.037801684033291344,2.5286418451119124,1.0864684618605924
4.689562910644918,-0.06328987476948073,-0.7752797197346519,0.28949141102965187
2.9849959063891687,-0.16172419822324374,0.01849964903333401,-0.4044764554961826
14.62683056504694,0.75349137431324,0.5917464968457388,0.15952186593080925
5.000379552623603,-0.3973254670208294,0.11956955748996234,-0.16968136260957134
9.263357801222993,0.3092504391884252,0.9528618699521774,-0.49237627021757224
16.31956380707829,-0.30105922136929525,1.1479989902320444,0.3377296860886445
13.64263899376477,0.14336871019006497,0.2125768846678323,0.7648825250902427
10.176532597561328,0.3576518880761124,-0.7002081451951965,0.6583159045979627
15.636921111553875,0.4209867808742247,0.7012479862899399,0.48915779556638134
16.461613134468372,0.3229787604657236,-0.2714837769757764,1.2394427993219688
12.794161130698221,-0.08261829514021107,0.43679648729556886,0.44459695583114106
11.261894851478552,0.495731366186442,1.0948841328521488,-0.5350215249774606
14.196550951696736,-0.10365480455299225,-0.5028095497221755,1.1937865369350549
7.228158084549941,0.4432776087752608,0.08942066217584332,-0.2967969212411733
26.72074369437127,0.37860546623699287,1.2740712282401767,1.5198070805491581
15.98357323533184,0.033590565525830174,0.3583238705348444,0.8366387829922433
-0.39941608549978014,0.04026337616494227,1.2009927059886996,-1.8842634672965706
15.608401300769314,-0.562051503353592,0.021507717598984066,1.3995986364434594
24.60820592361003,0.31607999333739956,1.1152157574678419,1.3241671445137377
7.260934260669021,0.18901290428964473,1.3023445080821512,-0.777865562763392
22.17146289897747,-0.11516481671053419,-0.5997515093974237,2.5710696555437726
-3.6348502436931405,-0.19783060993381496,0.41983804383762807,-1.3796938769925355
4.571317604609157,-0.23294429519102094,-0.18558732828648494,0.14605414154922025
8.352706937880702,-0.11199596970966946,1.4514401011042957,-0.7209167920151135
17.465929956793744,0.3035972860374503,0.9492430311582238,0.6759448717161667
19.737580444280987,-0.27015388037108856,0.7092181476397348,1.1333609576548032
3.621084949304808,0.2839646143158271,0.029341006010424553,-0.6712901577595177
17.05424214882026,-0.4718280717351643,0.15725741442338353,1.2467389363777572
21.5702779715257,0.27726088039281005,1.2814602256035375,0.827838950918871
6.295360684056505,-0.2739966738510911,-0.671244571321187,0.35751940417376826
12.650791579096655,0.056722553288312855,0.45180918832027117,0.3448302037515345
15.09817312106162,0.2083258451996903,0.5838309418164267,0.7038379965228261
16.091123763632233,0.4233871745014482,1.3537523972090966,0.04043089986252074
20.03030107690517,0.18786405498309236,-0.12220495339727144,1.739223669059493
7.279237977916146,0.5719078617956261,-0.6753755655041138,0.32077129420338374
16.932426280143165,0.34831934814965776,1.4361503298772176,0.025085771712830884
13.04052814435672,0.01576650220639156,0.6977721942817603,0.1237894398932824
6.274561897308157,0.08707499020137752,-0.402446366246074,0.2606646114473462
12.55093107536285,0.08409048971477122,-0.38920322995397094,0.7628986670449743
14.606017312947747,0.41952593602257515,-0.0626324112399071,0.8846565435744476
28.37735004215819,0.6670775729588893,-0.10364554890692013,2.26031357601369
24.857177971828527,0.3720355570251963,1.3945697071331202,1.1641952494710517
6.500121105288359,0.8775690186981843,-0.5239264086383897,0.04354116476588715
6.493055386382367,-0.031381675113816454,0.3951488441136008,-0.5395107414085555
27.400231276223973,0.08980022871137343,1.1761804749449656,1.76476216334652
10.362822020816045,-0.3962034958301114,0.7536358072008883,0.026044016855094165
1.0494277733261663,-0.14645211119185325,-0.22224331106356165,-0.45822255695586933
20.628365469700892,0.07199777589470871,0.7131465099429724,1.2985540172286276
4.647549875908713,0.5945789958051702,-0.3047834668476217,-0.41550611764383927
4.6970808507249995,0.5105175440775019,0.07659587031710491,-0.5358466219127483
27.17552441348728,-0.3100819206934333,0.31223242307492843,2.4874167887943077
23.014978685461745,0.3326320876059533,0.5452091726166415,1.4071237250776953
13.899587643983313,-0.2490434777931721,1.2868278096288979,0.08521686085225116
20.828356020447544,0.07916651593452413,0.7804155362244445,1.2056277843929721
-6.475243638393415,0.30931242147710897,-0.47221801291160637,-1.2616681743027947
14.264945243409773,-0.039850104580344214,-0.370307305167735,1.1252622028965489
-0.7588881506682448,0.5081754971317697,-1.0412416413709762,-0.6190534497568837
15.51957728666454,0.49045325378929316,0.35488814667581764,0.4259690916328351
10.94661552791656,0.22477360954776598,0.7658660177671346,-0.2652490682526808
11.56907859286638,0.3398532998177571,-0.3534583944529972,0.6314289694343725
27.184847847880057,0.6808251672783591,0.7963405990717622,1.8737140691948961
18.27315621199171,0.42893748687072875,0.7143643016797685,0.8219365778622743
12.66353106405343,-0.07953976028904758,-0.3568885881737094,1.0142395853738186
-3.717118145098352,0.5060490797226191,1.0790985137026332,-2.138345598867093
-1.1331595942902633,0.12287131294325673,-0.4935181680240215,-0.6108845067816936
19.89370924626675,0.2217402814076092,0.9904852047695899,0.9455567534737588
8.973303200149779,0.08687548115773014,0.18001856313255635,-0.1302568581063761
11.511314635370983,-0.030726079499930475,0.002379006964989494,0.4245628086503009
10.286869823711129,-0.1829088747076532,1.0036885179609523,-0.02743527530811618
24.23952063315291,0.30006742011203164,0.19959705894218546,1.9682277095140304
17.223446289422945,0.8448487579023964,-0.683703299344395,1.3884338580448163
17.952793574150064,0.1124508670827228,1.2751807571092422,0.339738273002404
11.957052427423296,0.6559684233218388,0.6266179266694301,-0.35734875030997426
17.360419175463043,0.500983952393024,-0.449537619056659,1.3671510738181007
7.439186813992602,0.40840855670293225,-0.7980108668057069,0.3759951636294694
15.01245587601192,0.3195726760461544,0.40083991657805285,0.5587659108371943
17.761794480751423,0.28695807999774614,0.6716030140868527,0.8160518732713082
21.7552581481383,0.3318289032724292,0.5081768250278673,1.5032369632042943
18.683567445443114,-0.23378081563624376,0.7459867463410559,0.860352187414048
17.561703681622234,-0.03045722543796725,-0.1057698604104238,1.412780675448074
23.569881652476106,0.18310650482229854,1.003112809165975,1.1585649580657877
27.13513843870214,0.3879642058984333,1.4385348055854799,1.4198799789736831
13.83534601086065,0.7328694694086736,-0.43589930337841065,0.9470812863470571
17.223612260498125,0.5886736273454771,1.1688654594539827,0.16969002189067717
9.554782606899876,0.360975305512932,-1.6624348499331172,1.3143623143707037
4.643445483588026,0.523847433226164,0.2926055279961038,-0.6535718856745402
19.72787076813391,0.2101994739394833,0.044495441164745686,1.4301004608370613
21.727903623662215,0.21103417763672222,1.6055326551152216,0.5611413245204555
29.851721138659848,0.4969452102396726,1.978425780129229,1.2723791473301052
15.137538820555143,-0.13400121488289496,0.36523300274715015,0.8527338064356029
19.51625094928498,-0.3545176847791821,1.0969349812758713,0.9180113395388598
-4.721472027688663,0.18920644173372422,0.8171143527237087,-2.042119012866306
16.508659363772235,0.22000458876932,1.4946898735126963,-0.02353776272215158
19.85280505632278,0.6529630310057921,-0.4705180703185986,1.6947080915493813
0.9046803557742056,0.48978429762456005,-1.7381836358684104,0.2536716250433372
-2.673353703239652,0.08655013080973904,0.16064711609729954,-1.1659385988277493
5.980907957773668,0.18896218761073352,-0.46661746037251584,0.06686438510664089
5.569184936180036,0.013715892739279756,1.2853847985984488,-0.9508164263638254
6.121913851535482,0.2635873042306389,0.6828645748573399,-0.40157824973883494
15.91362064207679,0.2104937712011727,0.39345870035398406,0.7752418081286168
-6.105759419475452,0.4678846877977181,0.35079352333317304,-2.058014140399424
12.149296474855849,0.043452605976982056,0.23106526942384192,0.5016437364024526
20.83794739055622,0.10125448860865174,0.8103419154222016,1.2572271691805883
11.270889620870125,0.08512925113397582,0.46396936383899656,0.3060744292749913
8.35727603498961,-0.3060457980318502,0.18708153880119716,0.25512048720868225
21.25619563644909,-0.04273170287256528,0.7021992425206858,1.36636557779317
5.852064753418671,0.5692362362974341,-1.3682801394850739,0.5602769498130792
20.45193514402503,0.4017466980647002,1.032659482506645,1.0453082573873869
12.398628331294276,0.08664662373553511,0.2935280845738651,0.5559786650661199
8.746089279992548,0.3573342189185129,-0.3030911209953365,0.2056311608804044
18.075539593742455,-0.04804334935409921,1.5439995174728929,0.2761883553121884
14.582819511812502,-0.21862835101425787,0.8276035025448066,0.39514950760794465
8.629937991147564,-0.046949559603141705,-0.9736761726110938,0.9228819099448735
8.96577300478595,0.18055305441972946,1.1924691938144778,-0.5271630151452807
15.49544465326847,0.4082786602005878,-0.13622098932346116,1.0604438930706914
5.532316909352107,0.3356407421959714,0.6231471707299169,-0.6788634443859706
5.497151222833927,0.12265370349382537,-0.28785889697776856,0.1314941554963182
-3.0522961569508773,-0.1184212980723689,-1.0320031128420348,-0.5228414760383255
21.591840719474575,0.3195016757156539,1.105965976812443,1.0054118784616242
14.357444998551316,-0.28753296384962834,-1.084754271190999,1.6839029719531111
18.017808647884344,0.5665090340154522,1.2509338315580614,0.14200426163400803
-1.0956268997256098,0.608959662646329,-0.3446951682082763,-1.1406863147147686
14.303956082877985,0.8015719286467415,0.05269145075793785,0.5961454858384744
10.817014296790099,-0.02416809867002706,-0.33069821703161895,0.7841910727197903
19.792641551478237,-0.09064078627820565,0.17592104575007114,1.3088583852458233
-9.282598057610459,-0.2988099586509364,-0.4702581343787614,-1.7342255725601645
4.8714674281338235,0.8143707267022446,0.41904132959650536,-0.8156432413667208
23.508047797928953,-0.07614717792226816,1.212553918470871,1.2809339075547341
11.860622282933527,-0.06958255763398596,0.7951231918518966,0.23823056331883938
4.205376608705212,-0.13320394785991163,0.26938099619391687,-0.3884755083969559
12.02456651640738,0.36741741499593567,0.014254198720989542,0.3814600815048368
3.957165544919331,-0.29790427130122504,1.5365412631213313,-1.228922735315928
-1.689406913553257,0.45708128169305373,0.09808855386097359,-1.2653355289257795
1.2336019174127255,0.09191043365460792,0.5482638011515475,-1.1731060725698592
16.29853376767224,0.7481618757087289,-0.06377405658956775,0.8535869465881103
14.635433110115908,0.12182178922350034,0.20488911420089584,0.6648568075238064
20.754084203070356,0.6373465145828463,0.8755396033745754,0.6516569162340429
24.284336362391276,-0.21403061795820882,1.2900978839403536,1.2986239117807337
14.492618060968349,-0.7760441949908145,0.46756538357259136,0.9244345474847098
6.42438990842564,0.010074978266151419,0.8371650135681139,-0.5530093805093473
15.427907598293634,0.13713978586338632,1.280447618658914,-0.11993030119817683
-1.0113958334993267,0.2682774316621617,-0.02780097375796642,-1.1492932417234782
7.507649977531935,-0.4588285760832679,-0.43890197274721643,0.613679880032703
21.468221840279217,0.5105149067047439,0.08476410976375853,1.4980460421028443
21.039741522444373,1.2305090389974465,0.20046534403166574,1.2377429609070383
24.99691163317673,0.06401009514887288,1.3173046010726095,1.1394756234263204
17.146098265739795,0.5707039275335664,0.05557068409642579,1.0374725087865713
21.487338192313825,0.3912224866004382,0.08945859134838013,1.4786570547363591
0.35774157244138927,-0.06947396609298506,0.4904678177840709,-0.9735214450827502
6.508167986987159,0.03073215249503783,1.1788832056623786,-0.7640180737273982
-12.702677241233776,0.43388027164003096,-1.1917037042842522,-1.792432496244988
19.70365857923408,0.2517355768299313,0.34374080260310635,1.1992742208645302
13.46644815820599,0.03632732644383696,1.0189937424537159,0.36530015873079025
17.053908321409644,0.42167924107809596,0.34323502363913094,0.7717770842641202
15.27220911716417,0.45015694780948623,-0.31282803993818853,1.1299810102241978
8.925781658558526,0.2440354051721255,0.6432227329373412,-0.31867675083572733
3.2146264055566958,0.15810282252217686,1.3062798925100703,-1.2365968623527968
17.070043231421202,0.6243595855960744,1.6682724664024793,-0.20461219710030787
9.21324687915154,0.12288978506875098,-1.0442285071850423,1.0993054904879216
8.251578408363834,0.5712373996097468,-0.5558644441449648,0.3956882979677748
7.973379367792772,0.8310981581519409,-0.08432064303248338,-0.4300643359243721
5.165463026604727,0.1289230714057756,1.033069032658935,-0.9675025052722767
22.421010662513318,-0.40797009575180143,0.16055516364852102,2.196951932592309
-1.936925060209279,0.645342565067833,-0.1235538965707762,-1.435433626659301
17.767608842327675,0.3939529951982318,0.4591923379564261,0.841410824805181
9.718991790118501,0.06627528477942449,-0.5492838504165654,0.6373985424358302
28.28747094168176,0.8363270439646118,1.3558604837611679,1.3622654496881976
4.146645149985849,-0.2428422450984416,-0.0019600894584003714,-0.4284778984110126
10.927899787756026,0.005078014419348353,0.910280912098447,-0.10333687149191695
10.783057153545363,0.23281993707358947,0.2405318314977524,0.02775951239404245
26.453730081454378,-0.10130285365660918,0.744727199328997,2.075828847201526
6.309920305769483,0.06282448407430381,0.26052685198372305,-0.15743346367053757
16.854397031658326,0.34861662091067,-0.08075937584625559,1.1023423211871364
8.383653880381194,0.06060185744822809,0.6500866076346853,-0.06457428597519954
-2.168374720078768,0.15704374833665327,-0.29545844553980216,-1.1032785623815435
15.26353412480276,0.8243184523449592,-0.12799373536108305,0.6957093666253399
11.646742687991637,0.4134130794637962,1.3057384370503404,-0.3289317414076587
14.347806397050688,0.2622873325366736,0.43819353887727197,0.40318872446350273
2.852283895533608,0.28910800249045154,-0.22725577778142492,-0.49016437865984164
8.60821940852757,0.13259449020679404,0.010614375199450132,0.14274583525156775
23.73740897904368,0.15236543926631646,0.4537572001386037,1.5705510008404833
-5.499336134239799,-0.305302077144073,-0.03709097758158347,-1.452068181796518
22.982279885519844,0.3773499967729988,0.6778686053975771,1.4403448842512705
31.907200673070346,0.2240062385917222,0.7221907394571845,2.6398173515334316
19.924162367400836,0.09084759084045836,0.9386004022495588,0.9874942811817118
9.871583080968604,0.020973654489529814,0.270277675590755,0.1135555255812285
6.379802641455681,0.10687713777477982,-0.9280003488299731,0.4618580116403895
7.039174791245776,-0.2061997721426866,0.6128812242698232,-0.14319582540391795
3.281053809287186,-0.05179755749420015,0.09542104331864365,-0.5131870610192671
6.936223844444661,0.25517150447209447,1.4240895000395497,-0.9991947659273753
29.012732780082857,0.20941357452501166,2.1102737007392607,1.2136949541103275
6.841442779474907,0.28942963499292695,0.12233961284787948,-0.21735481352063146
11.452056370196278,0.5640141871814318,-1.3717702290222138,1.0599142519682598
-1.2879844344754279,-0.40409523467466113,0.5760240480880627,-1.2317589362128163
15.382023166065517,-0.059377299598385946,0.80460234208792,0.3948650879547883
9.146210482554663,0.40098385350425836,-0.25788567500329196,0.3974296389913687
16.20965628622441,0.39249682831691723,0.300751841855291,0.7416740401800643
14.148945052338444,-0.10098033205299306,-1.4800748352407755,1.9992498166501513
19.456213440784012,-0.3167009708939209,0.6211490328140208,1.1563415663230168
4.522792343045728,0.10250435901447469,0.481681493069798,-0.8057001936421012
12.088434508575492,0.19360541624448488,-0.06458448423309254,0.6181052528862089
23.060556826920763,0.3542229543094009,-0.6024734470880457,2.2389031644620845
20.7327621595168,-0.18335564659756448,1.609588725905528,0.7556934120518484
13.996330107571493,0.0804906558214181,0.7231906447503906,0.3075845656169243
27.92005187273888,0.48785369663058586,-0.12671944372559163,2.528579581685632
5.358683517598044,0.31437140717783163,0.5387972085299888,-0.5874262568016321
6.819213130832252,-0.4324563279976267,0.5534838775810976,-0.37919684001504106
26.99984762431868,0.17732110868350215,1.5942186426997125,1.2178514941921412
25.22159103948056,0.4233091775760356,0.39660972883574586,2.006087119145407
12.700693481852994,0.3167834838296745,1.2232160751825034,-0.31165914362904534
0.8693225585643489,0.6596776845027295,-0.5482497988369548,-0.5885004186700847
0.5160183281831019,-0.3779224592754322,-0.7851580412994152,-0.06722609458287498
25.09215439401736,0.1284952181707122,1.4636857020738687,1.1954123375136856
22.439179239123188,0.21471048430241957,1.1261562014491526,1.1149270069873498
35.458013353567324,0.3145898433486458,0.992634981077591,2.4792716736918967
3.9963758574233514,-0.019837076708005497,-0.5238101544333906,-0.28358006122832624
7.600879922181088,-0.05282660522882299,0.8104027620856188,-0.3897418748940368
20.45141095651236,0.613323027710224,1.35583683499862,0.6509314149183207
14.896666664984707,0.4158834962207869,1.1200146032519054,0.07300970789115058
19.969551783462435,0.058847868459624086,-0.7846315368822079,2.0913109283041695
12.034931619946516,-0.33410522140087695,1.6528876205211454,-0.49436576593153303
14.143458280074025,-0.013345862400904074,0.0686415159726475,0.801534869046591
29.80259578621091,0.5990060528792787,1.2442625364942996,1.4359423746441613
9.252707866224807,0.1909646937819676,0.9620619102731864,-0.39407840921655113
22.849903980693384,0.9869833723567788,0.9087165799278297,0.9692800017200798
16.998912934954113,0.23549331206345764,1.567992956306805,-0.252686655840219
7.963641513310631,0.2247243718639026,-0.5040925411391405,0.2945786065114072
23.844475486994742,-0.11615964454367855,0.6756934752174997,1.626166565876538
7.531489271112518,-0.10064263690402947,-0.25564447378412347,0.4063752488760499
11.270486611453618,-0.05522245285094746,0.41017039672123473,0.03544987582958209
5.111995911360824,-0.22171995211795287,-0.8124966930413315,0.4559616803622085
11.251069654075541,-0.27707910142310094,0.42973971259476307,0.22840069805665889
1.2610388991461141,0.15788516252364854,-0.23406507328935344,-0.8146412282747354
9.511579582586075,0.26489303459410585,0.9031996968203448,-0.2509646660353345
20.515069055331487,0.6794604180201149,-0.22313607913556965,1.4511448561821245
11.874977894628035,-0.16682453351493465,-0.41848604327747496,1.0003716101223055
15.08433706094655,-0.38387478211996084,0.08288045103575564,1.310917834741149
-1.8147719238374957,0.4649788341063257,-1.1196446168793175,-0.9577738084114248
23.31106096194985,0.41587231635214583,1.313319120962059,0.9120684538841557
24.04151827763033,0.25355835080824973,0.22916097115102535,1.8903713022682482
7.903060575842626,0.41129987068078,0.3824216675343197,-0.3060575104794889
7.840512929709882,0.2314283233015406,-0.14847476389090986,0.07643520192944986
14.01546455749007,0.33512541756578174,-0.6102486401962801,1.0225776593490208
15.720561036433573,0.2834317844966171,0.5233596405966693,0.5387675462203699
9.577721643679958,0.1293198069866182,0.8913377089633592,-0.2203670435039956
8.015688687362188,0.043331344797729654,-1.1813550483423236,0.7031734642818305
8.171157562356386,0.22011387640976132,0.44409576636143855,-0.1436837048454167
14.571673643404832,0.2991503951906175,1.0699686247075901,-0.09767391762120681
12.418254190766245,0.05932657552319466,0.0914628364816073,0.43401933728528824
14.232068539171916,0.07949685343724633,0.3299251075425714,0.7009519247274338
6.055954638430696,-0.006818733572118124,0.267352132487051,-0.3206245531527422
-7.88232199985793,0.3544986313959858,0.661083903253144,-2.4575660800838746
13.747540772006088,0.050354727845032005,0.7141861737197253,0.5708847489703784
19.668815411779136,0.18295538674553558,0.04053524321097296,1.5842751148058638
13.20598134149084,-0.1576341186961135,1.7416350062482182,-0.016771771748758435
10.650961911408366,0.30672862928249434,0.08898737688740449,0.2952280576801455
7.587327822499531,0.08997004244070439,0.13593840544398067,-0.14672774836619584
12.33468299816321,0.27981524989336254,0.35360828272009004,0.4743818663751199
14.575707200548452,0.32417140087908536,0.8726022933916227,0.18573858495074708
19.43387626412698,0.5863537519162555,0.08054037216816651,1.279184707571071
5.400947092305913,0.3329449467393668,-0.6115167912311728,0.07691794002196378
12.415488883803867,-0.03319171379898053,0.5760998340627222,0.34312229982079545
17.221931884769038,0.5232359293850148,0.23269070483118434,1.014511469255038
11.686597576153423,0.6642023950507732,0.5840585721596084,-0.4167662532418711
11.568673810026858,-0.10695344224224673,-0.29173838951083697,0.7306285835274211
8.433776927520134,-0.15407357410132966,0.3463902007206867,0.03855031509028739
5.9981364965542365,0.08710115865699539,0.009952752277157806,0.04090654520781656
23.998593236899787,0.3570306827609966,1.8307196410699242,0.7215807303595475
17.99981942304735,0.22185894726810923,2.260770055803493,-0.11441138209778345
29.316973430529078,0.4334315926120955,1.5181328054686958,1.468258883538923
17.368570503462557,0.2701360354892497,0.3393690221700776,1.1840334865976676
22.989974118194176,0.663724854903071,1.5100014838255222,0.6235453872534944
8.299486458051668,0.20050290456363196,0.9933919943794142,-0.31087707393605546
10.428524531750444,0.7369278269509848,0.1852507453938975,0.1276962818157576
19.439918000086376,0.1371753077289991,1.0297205840343846,0.8805671222255473
13.018249724874336,0.5189442216122488,0.7279259352032925,-0.02278892778199665
14.863362975399992,-0.10589135383241877,-0.5656502627095068,1.4560906240566802
22.71405036368786,0.2762991163861647,0.9371557846958389,1.283565375374764
19.937794301941853,0.6257978922300792,0.9227888205600052,0.8037938034537127
13.616984623536013,-0.4557952471608111,0.09351315284800893,0.9761026914877489
14.537974632349442,-0.04864152917031603,-0.3322711487376302,1.2644434499698154
-7.332670992017871,-0.36438497339863996,-0.28934345782638915,-1.2474766334567438
13.036052384404291,0.12016467744273357,-0.2603923466648319,0.8797385553031404
12.952565531388712,0.46323300416307184,0.38010607282179076,0.22901403633520098
0.10851317941876104,-0.07964121120513734,-0.6478709144071464,-0.4788518820826706
14.56153496407267,0.4717777882787641,0.20898596089540095,0.49310906783534586
21.029659714801106,-0.010841513450896817,0.38074430087405675,1.5310142406374156
17.37073833185579,0.2743138034120306,0.8461963936470129,0.709935213692954
19.30144919133372,-0.3144259774128811,1.8264317225471824,0.41461117845385587
10.287148394781767,-0.49735843636162447,0.4861151041383605,0.332634479917426
29.69013679473492,0.2897796390194799,0.656110218957215,2.078723232156245
-0.6541308514433473,0.051592948871366895,1.0824275302535207,-1.4991131690971446
29.01847568601958,0.4560893497970041,1.025810198498954,1.6784687452208131
4.587566839070737,0.1610292308549375,0.22404036159581397,-0.6270199558907642
15.519812335758479,0.6442648793303523,-0.14369228416987234,0.8956260264077209
1.1757415841645278,0.6922649216199329,-1.0936613501750396,-0.3043776183498741
17.815340710756363,0.07466356569414759,1.2230721662290027,0.5587908058596442
4.120595820892769,-0.03878198114741302,-0.9780979702857635,0.36232216301471803
11.612742468441144,0.5512646202737336,-0.9174016752657048,0.9267834648372446
1.454789887618377,0.7344237338147452,0.023208711843603236,-0.9305992714808281
19.183434927196238,0.7673726516393775,0.6446349003881582,0.6818662181494596
4.3443465269066035,0.3492947691874785,0.21662386785335974,-0.6716697425236337
11.158823814046404,0.6894958807483024,1.2296991434682778,-0.7821026197590267
16.951047594740626,0.4590862035376996,0.12657107690607783,1.1528186561417826
10.315892755634287,0.16275473948212527,0.3000157512290081,0.12192919616318026
8.549754668290898,0.4025041587216717,-0.35164164726105174,0.09419510558207578
12.620011805719184,-0.0578582842856373,0.9958234303924546,0.18430565997407272
21.731344788048077,0.03642208184373033,0.47658255660369236,1.4641777089162704
9.1681451359225,0.47688873627465134,0.5734569590297358,-0.4388389079530458
9.288060905430257,0.10542957123019542,-0.16046312216027403,0.5163717250768894
9.746656868784894,0.4162642677827614,-0.2949268056159079,0.22249081589394762
25.172452799077096,0.4338585393131168,0.3098111330189486,1.9158803780949687
13.583526089007192,0.14749554774449766,1.2140642972491271,0.09113390615191352
-1.5620758357005426,0.3573560093092755,0.1828534474906157,-1.3220597741131042
10.506199501281186,0.9227664535872704,-0.7918961105777611,0.5633222167120981
17.346313607477743,-0.16278594761163062,1.1929947313894993,0.6099957447008855
18.262865745682255,0.1731546694133756,0.4399542919839643,0.9113114044067538
8.806208069782581,-0.251047392413634,0.5052780895799445,0.02660137499526949
29.763406907599506,0.3409065015995935,1.4069574253690522,1.7927789816017845
1.745789780183526,-0.36230654239713145,0.9478696250202762,-0.9197122334945497
5.398585280627491,-0.4546869330586131,-0.04177962085003589,0.065062872997873
8.175761146283238,0.7069743157115999,0.4636251482523417,-0.43064205935553923
18.958293019481417,0.44727561642801805,-0.4383215583466654,1.555832174634574
8.09636787888192,-0.6410148868380308,-0.03187206734675335,0.36979461450887935
15.541396508382814,0.447043128899131,-0.18528700165629852,1.074577680252513
3.3213950468011753,0.14784027209086018,-0.05720796333202899,-0.25620888260858454
25.46675619173468,0.49217929558519147,1.601593879497673,0.9527831315604991
16.05302426805474,0.5043202263145254,-0.12756302721580282,0.802494510183611
23.602352247986413,0.6028425217639017,0.18383265579761962,1.88160397025259
17.144224227726912,0.28336454546389045,0.45189678651950005,0.8921201857833431
3.391564371872154,-0.015450256757368191,-0.0789150411980693,-0.5779385433754965
3.5549070871757107,0.20090727829886118,0.347412407228202,-0.7443991137220857
18.960552746085018,-0.04323035432514766,0.19723101457441453,1.2236990463070803
9.670370826698308,0.2858834038906001,-0.04323905162851455,0.2348952248889126
6.368841776501276,0.24811500686364285,-0.35753188431889005,0.08551794018961267
16.708088538006454,0.12000426024793301,0.3379384439596558,0.7579341556853068
7.0814248290437325,0.889381382550159,0.5314976417884841,-0.691090122077621
6.662572967389038,0.30646209618308856,0.5022723080161632,-0.6130857174698553
21.32877136543498,0.5282292250117885,1.8755466575394362,0.25377400265307326
16.991810726409376,-0.06317184142884921,0.8831813694650654,0.7536690082983803
17.36892573057075,0.15858759368781866,-0.3680243308508703,1.5398114042183648
1.0182972285785228,0.39947898215713185,-0.24160458921211825,-0.5824462798752118
24.10966307572545,0.33711996421221113,1.5253140319230363,0.9534888711890426
8.493039539934475,0.2639634582548569,-0.7925429474060834,0.5321775308497302
8.335887970061115,0.16426951727222538,-0.5262783830538788,0.45244900654987497
16.56000163594705,-0.18241227201960697,1.5515995387188402,0.35945799498179526
7.781820988646734,0.5770675617300346,-0.641547523320011,0.46233011476582836
7.458166592011444,-0.3063327608854583,-0.6921400861287481,0.698761651690472
9.341496729732826,-0.1247036326245266,-0.5393074132689913,0.5775446370088724
13.154399072874579,-0.1295021795905028,0.40521654519792566,0.8073034223211182
11.43437508691049,-0.07267802829549591,0.9826508693877876,-0.05476453790393576
27.927194121801328,-0.13012391718695798,1.2542033181098753,1.9734368595689968
20.47895881990638,0.18181086128388146,-0.6050613639070983,1.9034657136200397
17.79474283004519,0.6838816301231669,1.07664646746673,0.2902918001644649
0.4875877166283775,0.08157398220641895,-0.21679435059607055,-0.8254905335599171
16.55549156598701,-0.4661339403717074,0.14954333903386957,1.266593690012063
18.84492821010909,-0.006375908829519106,0.5174025229695697,1.0321071224642222
18.100479272188537,0.4114234177519045,1.6153688398473398,0.18096984910055985
22.219626300675607,-0.46297867208982557,0.8063175730726919,1.2969849392551194
13.171178731363181,-0.2518162948126131,-0.15809919626861635,1.0831541970761709
20.89350399705946,0.3376517616541432,0.13934431767205646,1.5962654179423121
15.454980871073165,0.2556269435176556,0.662849676404364,0.4557522264541168
9.233604392431301,0.909055940088436,0.14287986508520367,-0.16282751477683377
13.279476831601395,-0.17444665895168154,0.28099853932806773,0.8076367733915416
-0.33633785869047905,-0.23994302614604518,0.07788346588558287,-0.6043542391844373
23.895061106005876,0.2779891190475542,1.7289527823261341,1.0193426828648464
22.837443441160822,-0.009343326680291364,1.4004065503012115,1.0500393110215214
11.291643416872745,0.34211373434001,1.100302629616055,-0.30972959937076094
28.558666598664,0.28113332233359173,0.29233736447865755,2.259379127249799
4.769876177932579,0.1993745332411191,-0.8616328841698075,0.2987982945514078
15.4937033600688,0.10735968026736256,0.9270417506401697,0.17848966466957322
10.581712155885063,0.01326858790905669,0.016755959207545856,0.3584133408097956
15.490268389521578,0.1637994958517375,0.49099526655898096,0.6946838512829536
8.944709312413817,-0.16779268591546015,0.10321873895578965,0.2057921052246573
30.528998318509387,-0.5603407954226077,0.7135273560999804,2.559214677845659
11.478507078547516,0.22763506257695415,-0.7931439817155674,1.0666777358783457
24.87650437513615,0.5235454604860026,0.6350486934750471,1.7788414187180925
27.559170627282793,0.26931548594415095,1.142105124867556,1.5597038618971997
16.853258345688033,-0.006722076412237654,0.07240341828389679,1.3339852977302555
2.8756266975738543,0.4662258789212524,-0.6164032630814849,-0.3833935509197286
7.179950608884914,0.11519634808008004,-0.1109330740150124,0.11369955189871628
11.08626614979639,0.09959076911689944,0.5703868047595548,0.2116344680203247
16.455625154884814,0.31983591749503293,0.3168701890887413,1.0577382457613722
8.384318310517921,0.13618341714606888,-0.3310894937594182,0.46168144196496663
21.588273601479614,0.3771319426021482,1.1724164078663724,0.8648616021873133
15.40440788910368,0.32335425503641246,1.1143362322903312,0.04331468321206061
14.614347110811579,-0.3743357823922563,-0.23324220297050602,1.2828986061243313
6.631930405854045,0.35100102023586843,-0.06435194692950064,0.01992889141925208
18.436539945004654,0.2367097871224665,0.6657052610341607,0.8946752528136102
8.366625108366808,0.9816356422312137,-0.0027329078314344835,-0.06775919522568219
15.79287019092256,-0.15257058716664318,0.04406562181465856,1.0592366440562815
17.346764475340958,0.5127124106885976,0.4802723622018516,0.8137048917571896
3.957809419102385,0.454076481198479,-0.1624955073660862,-0.7811998622934403
4.322229976084877,0.37717703650061385,0.5115681240165459,-0.8901849686177622
15.927150510395787,0.3556173205232202,0.2952092735584415,0.7523617909645368
16.385702297133577,0.26832044220678897,0.24970895731004927,1.0485627568765858
15.226311744363676,0.18041774480299566,0.7014927537767583,0.40932571621430186
5.488064744938971,0.4423594111974884,0.3955610455945687,-0.5693361040943002
15.12989109892195,-0.15987382015172236,1.1167088302666086,0.42494981214137356
13.397585781240414,0.5699583613501955,0.035071858205412754,0.30473295105157827
21.80886050279816,0.055046601640207915,0.3691146409459558,1.5762931524901287
24.4076530519078,-0.2417188811283606,1.7716442295577524,1.008338033821862
11.897982852838672,0.05807296143249946,0.08164281520953348,0.6826601309338951
14.7333522280498,-0.06614753499534015,-0.13136937391539005,0.8961881642717013
12.185698046809009,0.44550889506783053,0.750019450329031,-0.08594927941719632
20.9171945566042,-0.1520514141466699,0.6619333699285124,1.0371388516531885
23.270991004219066,0.5740675104184099,1.2772517031992963,1.0170793185822293
0.3563877385262897,0.1787890272849777,-0.003155699409954693,-0.7685010190559737
20.60658916722746,0.3413819812244757,0.9528340732309497,0.791514158591691
-1.3186403237789124,-0.28990450482267854,1.3317889416902617,-1.5567384610465274
9.298797249302925,-0.06003697929325666,0.029027751048446626,0.3566122956639592
0.07867026468907135,-0.2828360231781938,-0.393880417065517,-0.7316994461044054
14.959361940851899,0.3600590825830224,1.2782586794392221,0.1296296045167371
26.334249535017793,0.7792557142493014,0.17035744051902665,1.921284618757559
17.40493103358165,-0.06861113770294591,0.6617458148717245,0.9876980283238401
23.52456379302472,0.6486849756920932,1.079752982459937,1.205245563261069
13.373824260409997,0.3272096079148402,0.32856999909255075,0.46185330744689074
29.273296279498318,-0.1754474308002093,0.22126726065081262,2.641923746178662
9.515236464472192,0.41786064925623445,1.348620202803815,-0.8429082379899161
-1.1209024464832051,-0.08665807049950675,-0.06636009043054819,-0.8964991271491568
12.9807496412834,0.4395309678611472,0.8654625039283366,0.019397124822298273
12.884122474297033,0.13488000876126516,1.0170863296012715,0.010023013271285963
9.852635288901473,0.12672458636703599,1.5136263751820629,-0.7596749730600746
10.41971768663708,-0.12221070171842197,0.27148459015699467,0.34913735152334413
11.515044111171896,0.45682725085988973,-0.1279815385567209,0.45602444357056915
11.645486737931181,-0.24739114059216083,0.6890623135349154,0.32081817274477603
4.3388671855502,0.2525369653070433,-0.6124352699857583,-0.011931109810162488
12.696967595611842,0.21324659655920924,0.4903647379154726,0.5087134161677795
24.396448752885785,0.1658163834715621,-0.33227543842967733,2.3269581041774785
6.315969706231703,0.6411355160406615,-0.4972831292269504,0.09424239318479471
13.494556441457581,0.2783581033219397,-0.1905687949254552,0.845139087442343
2.452194760278504,0.43137430349955685,-1.3941029251409744,0.24139976663937796
11.185188320962265,0.630613240315687,-0.17640437241364015,0.16024764869952296
22.3227239287042,0.3430847550906905,0.8446935126051119,1.0224467173586653
12.500563088566006,0.35714260415413396,1.0202919427771018,-0.19209330657990797
4.8818903427406735,-0.4378675254885285,0.8335231716172864,-0.706480773388685
24.999900553263878,0.6681124051235403,-0.08603523609779995,1.889905048870908
28.5826746616415,0.5299648675202645,0.16215750090749115,2.4501301395410207
33.79876562841324,1.262273791062726,0.035764959143044395,2.720260967744206
-8.869973320432585,0.37543628838795534,-0.5189502722592186,-1.7106720852465864
13.22886096171538,0.12593348524793618,-0.9031659770783618,1.3118815449317145
24.990539305083107,0.23670180425660425,0.1384144708741885,2.169261700064826
15.484445613813328,0.361039888074312,-0.3321587448435115,0.9372031345676017
5.060168830476598,0.4181996760867223,1.829553570832819,-1.6237003639247782
22.889726210602753,0.15443806550288153,0.39123789268762643,1.6959768596118203
18.139144001866175,0.2577534457282883,1.4685303652814234,0.23989250658653946
13.498212970165742,-0.3781616165438304,1.0188509523422598,0.2682165399339673
-1.5373656657092738,-0.32013859182217563,-0.9430580227257104,-0.4182946143961057
4.748811581606864,-0.014570168884345341,0.13058907036064915,-0.34772073824563077
21.21441550600892,0.04663464397829642,0.5124930149217897,1.4476829130401625
22.58491571104783,0.40650994453298905,1.5934024180331892,0.6572988194464173
14.51781609372489,0.11518283267645131,0.3032738306561404,0.5867281135145254
14.989554438365076,0.06186182648577235,0.4455388214412781,0.7140046692163731
22.621667732739688,0.5018389045984928,1.092532064926842,1.098217759352849
19.409644945740403,0.44364373036674765,0.45395888211318286,1.0525774451247014
25.13537845479348,0.2226042236073287,0.8902815181898098,1.4980910589278382
16.04654032663335,-0.728682134107168,2.1402470470028394,0.06422396711049422
16.726024696027803,0.6690438813566724,0.3430348211558577,0.8491014369872248
18.84511794571071,0.3587043189888587,0.5601043884157731,0.9283252875994996
9.854616228503348,0.09436172463877726,0.12021954890381997,0.43973531329532833
23.02204777670282,0.506261430157759,1.315722202570593,0.8949294619627499
0.466690958467205,0.7283858654733684,0.6737877514943422,-1.6020473640184725
36.33454838783161,0.13687803748330069,1.7118123940676349,2.4616464376530645
3.892943107220784,0.011682385983072668,-0.9086443823008394,0.13002385958302254
19.461402574602182,-0.037203136023414324,1.2067777437029368,0.9301968463303902
7.987201005545668,0.3454428326874097,0.39923746473614014,-0.19181670042475374
11.492347136638454,0.3452561406531908,1.1447915581386243,-0.46502677833757233
20.978860149983074,0.17938442001278043,0.012812236046851389,1.479697071816175
17.29168100248129,-0.17707002298499397,1.0214290709828155,0.6200665001337747
9.773301498042587,0.3390786414174894,0.3303223572085219,-0.006367664827998998
19.07272676418073,1.2648616525740823,-0.07897232147503552,0.8704017083584261
11.841442700593216,0.6197240732815208,-0.5514068102373619,0.9119524342029417
15.341682113062378,0.7459310791242516,1.6573791403183549,-0.3508307464083329
18.318587876030424,0.57536339112612,-0.2524368840370651,1.3425889428482858
0.3853399541252145,0.26350187831230243,-0.1714638955330705,-0.7542243747222043
24.532045348370573,-0.2540440792992417,0.9518645370933768,1.943175077248735
17.19572274932092,0.23175397346793492,-0.5094143896822187,1.4642372832939028
11.769502042831288,0.11023191872605599,0.3417428133072258,0.10452768029613141
7.81065364080087,0.13299918703715516,-0.2375471358513197,0.33450876247556155
7.393302223868417,0.41848732235221253,0.6516980370363792,-0.7111070471644744
-8.570385721907634,0.8245483143616933,-0.15922472017478362,-2.178359700016183
6.688156460974263,-0.05660615327774812,-0.6052416211118219,0.43387574298434056
-0.002261768206232695,0.2973062025872341,0.6389952973632204,-1.4968795307711864
12.56608213740398,-0.3135773671165972,0.6578797988353091,0.18874412574459049
17.241577993051713,0.7054900599399889,-0.8761760397552474,1.3406729763531369
19.66657139954798,-0.17039030183402115,0.7940943933205185,1.0792007904350591
14.487208527352504,0.6471059673227416,0.11692659873273437,0.6191127983018635
7.667775825983142,0.3014410416406297,0.49148686982806344,-0.15886898488869594
14.50281479896719,0.2950233683633382,1.1874793574555067,-0.08591077758174626
9.852839856564682,-0.2358985218307501,0.4222420909234631,0.3020352623349325
25.520552280699327,-0.21368761035655343,0.9059424363253801,1.8017236078311099
-8.71688671111162,0.35795560036011914,0.3199972316178196,-2.29375920274796
13.036907963827847,0.7713147052126926,-1.0633354959737384,0.960501676668879
14.435639461867881,0.6473348800977456,0.7512036946842917,0.010924260934125296
11.573561879848167,0.600615754037465,0.8653649758035167,-0.17209269945986283
-0.16202229960523606,-0.003834392055125563,0.12233203248834196,-0.9162507558663427
1.3643767533137403,0.20940371061200844,-0.2723762826540741,-0.773890409698703
15.130135274682154,-0.11144976858077321,0.7269046146407399,0.5983161000291476
16.32206412458832,-0.7220468826423925,0.9085228367561373,1.0337454646051225
14.519207211329208,0.40990518964103884,-0.2969208080284391,0.817344755526786
19.28137229912599,0.6901674469156762,1.4529463697558584,0.3119648344902047
10.934632502526972,0.35619213297981756,0.03916994261981871,0.26519407863759537
20.053312898420124,0.6285672655709376,1.0569868226176413,0.5722956179819861
19.333636731555487,0.21840846238368986,0.2829771402625376,1.323010470483445
15.384368046325328,0.41849071822948214,0.8505020363377527,0.244875468065267
-3.1645366612567285,-0.06277336767646721,0.25945213138177936,-1.467394704859089
14.466019678213401,0.38780128748680814,-0.19568077799875638,0.7350040390942139
9.80173118726306,0.7173087890687625,1.3812933338663846,-0.8172462342123946
7.407169026020517,0.1962853395262044,1.1455496129748708,-0.9807915009889351
1.6723398254022737,-0.37304183740753694,-0.11000817802742102,-0.4220228925316597
13.309474910727388,0.1474243080431561,0.5306374167079152,0.17608903611862747
12.675659110234168,-0.22011338207249753,-0.2872064089395575,0.9203626658664774
11.771159200681103,0.2885305782181899,-0.5953231375242962,0.7204851972720855
7.697424254211432,-0.18117743704672806,-0.5621917008085096,0.5253822202116749
13.02662069467632,0.5271210598777256,-0.7340445740452453,0.9419160751466751
16.23980227055744,0.4578921624435318,0.1669457571553444,0.9294574155727785
15.647021667893172,-0.0749950838394971,1.0282133044062642,0.6035955623824019
5.272249591176756,-0.24398865795899438,0.6942630008957037,-0.39501451525130804
15.915243748749523,-0.3807460635935713,0.44439417488485294,0.9482358750733335
9.177084937702833,0.08844106899033805,0.1326910895897222,0.07853804377482909
12.559830070379324,0.17269358808423788,-0.17339130752643528,0.7756765227887403
13.424032309310755,0.18590601034345747,0.17368175456838597,0.6325907481137854
18.623496409510633,-0.13620896616800643,1.2429022444145452,0.727436940250589
11.724272899029977,0.080010652671939,0.10470898092585057,0.5792385075778526
23.449365383856804,0.2734423123905222,0.41471397673008115,1.6087400049135292
29.342980550554955,0.230919403997727,0.2958886509484685,2.383339454771346
8.771356804223664,-0.5248372016956805,0.6116418655692897,0.061979767180823764
27.233827902377275,0.5099465916607118,-0.33767831274139115,2.512621188360785
25.481042637385112,0.038226062877589756,0.7846932535521689,1.6919712573512227
7.035379639554614,0.5178033028425572,-0.6473635683080805,0.17197877920284282
3.603631491282806,0.0698062214389898,-0.6941208324165158,0.12084439665771246
7.8264766308487275,0.12192920462194892,-0.09668864895783658,0.03811757482767031
12.889402652705044,-0.3219511035787338,0.5358825976733641,0.2831682155274893
21.71909555512009,0.4273670654473383,0.6841780834825304,1.2028932760232993
20.099953299309597,1.3182313092083107,0.7451453855224468,0.6949393817547656
8.874046729425858,0.22914548784439748,1.2758662693804121,-0.6166261368145861
-1.7210445032952206,0.1896776544078868,-1.2528776843841303,-0.22479006855983397
15.359186002739506,-0.184387165467834,-0.23337398342022442,1.5486623272552267
27.08969387573731,0.5441786480585984,1.2839526243833208,1.2829281074740766
28.04450558336606,0.18231601782302784,0.4977324404334541,2.2546081633440487
9.70026458310873,-0.11507348747798452,1.2736193155355122,-0.6442108601803506
21.542242322755214,0.34054033173043646,0.10763728091126795,1.3676733834922077
23.72057152204583,-0.05307604272380495,0.3429781154623949,2.038390517152541
20.961640051943654,0.6705055353708096,0.8657824275292405,0.7072184999205156
17.134030122896583,0.8834088572308663,0.2905888611173573,0.742605274279356
6.366695392857391,0.1421432399887659,-0.42430577476536224,0.21441017145301147
24.238687927539022,0.2724121621318092,0.21303749668947858,1.8948638478692827
14.364457620886853,0.19823503094417408,0.9215218382246798,0.06123022593604677
9.86756518094365,0.14324032069307216,0.2491073439087847,0.044550451613238895
6.965828253648368,0.21541823330912835,0.8670590791140305,-0.8145497524704614
17.597872305501326,0.4098928634482145,1.3249414692307653,0.3930244234202897
4.587134972627771,-0.6862151062124514,0.8392714012502931,-0.6384041948643605
8.51016250368475,0.2377462902758463,-0.10845642354596963,0.0738014131590794
18.351206662856836,0.18485131948052017,0.7832348218192963,0.9395378595078736
5.479518585793487,0.17511272782546264,0.07194324188286766,-0.5635317678074371
0.21827024584071886,0.16665283278973492,-0.41595283623098733,-0.6487385420044275
16.89846395317705,0.5446433121790482,-0.5812768224483313,1.2643648781543853
-6.184573001490424,0.5755017878229352,-1.252665116638237,-1.164303616236726
25.060018309138506,0.7277001282273605,0.3612611738434654,1.6281513206073197
2.671231844217352,-0.16731039498523487,0.6571622014628742,-0.7774851432267601
10.257363980800077,-0.24188189723830783,-0.15995187505717134,0.6415895567964438
12.91976821350988,0.260250060769209,-0.33199567799612417,0.8144474636078454
7.754464328421273,0.11689699994596478,0.5643704198754433,-0.35857331527783964
25.032730297875805,0.18021165814478446,1.305443397915048,1.2073931099631368
20.622175077598854,-0.316675403821712,0.3238877200041683,1.8356452706051933
10.6333542066944,-0.22018645331511333,0.6429145886284515,0.2899888812752966
20.181550901215417,0.31672974403432325,0.6418170374505439,0.954668704297555
14.280305532068759,0.784243279924704,1.4653645784562117,-0.32060577363278686
12.105757551712394,0.30342149432341614,-0.07650825088606661,0.6008634910254708
17.948340530457187,0.15889135515434585,-0.25012930137806344,1.4212579457096741
15.651712091905793,0.09765375390749097,0.8637315508016803,0.5507814062070959
19.536242864500664,0.42580928486729874,-0.21506133313670717,1.4256777475349214
12.100168699443957,0.30920072320085396,-0.48094611070923976,0.6728047266463641
19.80534478661506,0.05442600539280354,0.019204420215929552,1.6892037772984474
14.12596622908842,0.30229016155986216,-0.37099741678324516,0.9329219726953248
17.115843048779183,0.45605319685350687,0.5098427265564706,0.6465557257946059
13.408717242460373,0.4683584339261903,1.6446083554564386,-0.33634071122243947
26.931502986366304,0.5751972213598604,1.939726179884587,0.9764540876520369
14.101637845309972,0.20390975176671505,2.7974254238431095,-1.089456075343644
18.54983459037247,0.11101184082935647,0.7092170448187474,0.8837166945189456
7.831152726711377,0.044500183089346806,-0.3734816263424332,0.17410287847410427
14.14391910989689,-0.34184155086811974,0.6540217379510856,0.5280467298935031
20.868500900481827,-0.23445762376532708,0.8729702414727682,1.2510983458659113
13.535373506633697,0.22164961586105147,0.2225869117925473,0.813380974653825
23.759292534667477,0.10195122242425367,-0.675822094361807,2.559945706040156
