y,X_1,X_2,X_3,X_4,X_5,X_6,X_7,X_8,X_9,X_10,X_11,X_12,X_13,X_14,X_15
16.94996186510113,-0.05382599246685668,0.9727449866706197,0.7115298829539631,0.012504850364737845,0.18961463476115736,0.16209192893155944,0.895089534915961,0.09996178919658275,0.9985822933394498,0.6045267057078146,-0.14599665698043263,0.857596787574742,0.3730852250191135,0.5243950511678779,1.7829984450292675
-21.5122902988589,0.45369587033505576,1.5709364906214542,0.8589272355012554,0.12810194500537955,0.3699323197944619,0.44467147730516954,0.12305010592904708,0.1572209441247963,0.7708958542342951,0.10408436680008071,0.31721534546801183,-0.24328599554209945,-0.40989373637922466,0.42479309731381876,1.29283494624752
-41.41574756721985,-0.34307225934556707,1.9367511081308284,0.7307843552890646,0.049019399216843285,-0.3653062753348988,0.11881111948491939,2.4513568418109646,0.23368894275852786,1.449379757869984,1.7089783119206932,-0.07645201291394116,0.021205162470791294,-1.1808656785880296,0.4122390070915007,-0.7392454871889016
13.29096338832067,-0.2394938582604298,1.602831979494395,0.8636039080933274,0.03712137126305838,-0.0569318944413697,-0.6690735320916206,0.9287856551148159,0.23227921079905178,-0.11053073414610504,-0.17553064305515886,0.299709726279335,0.21221380866484346,1.9897475661001172,0.4641845547428518,0.9167786853925933
10.361953286429456,0.160362058226261,0.4097753446272877,0.5953554179445416,-0.014752144777708281,0.7843851628736584,-0.1368278370815444,1.0210186326793065,0.15031049868982133,1.7798878247654635,-0.40569916360008484,0.05515734230538777,0.0548821490236681,0.7192473376308146,0.45899311191875153,1.4199531359039987
31.292300028494935,0.3276983239046067,-0.3624978503914923,0.7534407853197376,0.05809949109638557,0.10471018578737099,-0.793184084211986,1.459955290065992,0.11447835819538263,0.44615827511142886,1.0689596947783695,0.8070823049038289,0.3325392126337343,-0.49895358647307253,0.49525752431253023,2.1773819830987504
42.21666381659551,-0.35498299338037237,0.24233365750238628,0.6569810479361874,0.009302610754958838,1.6697280580678728,-1.1148603912710295,0.5327514501504615,0.1841101948059336,-0.3225266232655536,-0.7313251047297693,1.6061213972902932,0.397559853059586,0.4549508462158496,0.41979541052591723,2.818773797444066
-9.0178799755792,0.1196659309925499,0.24808598273493437,0.8538119054034516,0.013616212422745664,0.8910192756854377,-0.7898747658260298,0.2785057778240747,0.19924247838991072,0.4539971822770711,1.0503780505771823,-0.16325233223820845,0.08587264416231016,0.47600167741865423,0.476137641018224,-0.40491099645821693
15.59570252770871,0.3384303966964811,0.3568042136687593,0.846763530191707,0.10004711775719874,-0.5948689656808618,0.6752860230693786,0.030943062965544388,0.2259217531256807,0.13224001974534572,0.6236454747990953,0.6132407367407409,-0.21827178067958736,1.9677171774522395,0.4984717319844214,0.5387672610838181
-37.32974433939459,0.39631106321982307,2.110650831125991,0.7013868603398724,0.037881149691961345,1.137054876043498,1.2892878914367216,2.3327138667681737,0.13662759908459982,1.457537582244397,-0.10077062634455214,-0.07953409289631325,0.2487002391350444,0.2511493835574565,0.4216921749429212,1.0917609329526503
26.508420020323484,0.4725588752906508,0.24687520346753467,0.7308707448437195,0.06936759352967473,0.2636091148118954,-0.1641775093510919,-0.5615950648049159,0.18045362253795447,-0.09026906048729055,0.5155922124870858,-0.7298942696403943,-0.07541872971821462,1.435948374231179,0.396767651515089,2.259074306914913
-8.203457118758731,-0.4356864635645994,0.4818317221048328,0.7101558665962896,-0.010334760284168153,-0.4023175439956673,-0.34835719940289833,1.2154461486388317,0.2481184031956803,1.7905313834585055,1.371564927744703,1.8773607911979742,0.1605837095812128,-1.1031453416919115,0.4953168714823786,-1.0168898547087493
-11.997674693460532,0.3085239244233389,0.4871308303074206,0.7745414953378681,0.09460380937880931,0.2832251948878458,0.7901539383363124,-0.3194850742392126,0.21930223705428561,0.7666771339567795,-0.07055928811427092,-0.43854623934535764,0.37986172346735125,-1.442712836899674,0.4300215840720172,1.385089604852332
-6.847632699421913,0.10063338930864128,0.9788546110233153,0.6761448370890265,0.045581686846393805,0.22456446764050314,0.5182716340140323,0.7982529406665047,0.09525088769923569,1.187827016718798,-2.2127533603058533,-0.5532329950704186,-0.1524976056870927,1.7806205056365898,0.45898205817054,0.49472161038522433
13.500822853151764,-0.10183821462039833,0.8354178221661721,0.6173400654854693,0.1398350292222823,-0.10862413891316702,0.5672990649968715,1.3371759850342702,0.19653758376547906,-0.447337503921723,2.3678638556430327,0.12284904655146267,0.04483639002791935,1.2968296256969734,0.4836177361429423,0.6784849990170457
24.634059660575165,-0.1586462028763152,0.684945376413082,0.9039390505425249,0.006500000606853209,0.04626786601740296,-0.6726168847207454,1.496463492239413,0.2373972766157889,0.1480676417621083,1.0554561909207898,0.6547581045298916,0.4395677377893214,1.1054497653451785,0.4393460022792352,1.3757873190312773
-3.7943132880799753,-0.630878428124485,1.8873232482856879,0.8597194531745083,-0.007754939856695883,-0.5286729059799851,0.642204630137186,1.2499729312346863,0.21970289352339575,-0.42902865262311185,0.03456423944330422,1.0002624659789021,0.13443625085907465,-1.0681152863944403,0.4330220061500308,1.5471446428794593
10.413500702008502,0.24614504600658157,-0.139476335279068,0.5557325741556953,0.07315905964853664,1.8265798409197034,0.6007160518066784,0.22989472374238995,0.27665911820018857,1.2362046299972504,0.6949098122109185,0.8572629956579285,0.41521761767198495,0.8442510096325665,0.4994636994931494,0.7268227837890112
21.632834188612428,0.006310959813851852,0.8941235799060626,0.7890638334448739,-0.03461645447863883,0.7358071465081895,-0.03696934969688913,1.6844464214821717,0.10430920152705572,2.3220119051770833,0.24804002830784533,0.7477551802362663,0.022207465591299214,1.6260375781998624,0.4160703953961311,1.7240367849594045
35.97595502974231,0.1373845196047299,0.277331797702261,0.6164913347244427,0.017780820208838935,0.6275299307626956,-0.5765518472606174,0.17698781892862958,0.1884273900537384,0.1258587715648961,0.1779980742799342,1.1233414387666907,0.3866363199742301,1.2880266938329956,0.47098830863308405,1.8398022927363145
-1.951627706370922,0.5268746433114148,0.526470513431625,0.6854764273657192,0.11652092134967942,0.5194616905910381,-1.4606058416523728,1.5525250130382724,0.20274812239254253,1.9838062824661478,0.8737347288417563,0.5268770017122776,0.4489885325598292,-1.4419581827588612,0.47992441315917167,1.3123498936822293
21.90843224241729,0.37315287616909115,0.853113107563936,0.7618890266230111,-0.009672935791260738,-0.5992206606251825,1.0650182998354678,1.3898743174197676,0.2193385202565037,1.15111759473466,1.5343277269280065,0.9206662394593127,-0.18479913956840444,2.0518091349044187,0.5091885062461612,1.237821811422063
-24.240015104853043,0.043207627639946136,1.3315531032221921,0.6998434380889637,0.04241797426961447,-0.2270127052471208,1.465575732697265,0.5221604703608989,0.16378874787969938,-0.15086965499031435,0.8517739532454258,-0.306907439885848,0.15493307349168006,-0.2189370237035126,0.435981615588037,0.3313757990868963
16.695935664912575,0.1785423311061247,1.1920472329040042,0.9791892551549749,0.007594472496661998,-0.03772570566486505,-1.2290954382696397,0.5389426156491878,0.15830904307651228,1.3859228215797867,1.9758053200172108,-0.008696769316041464,-0.046797613981373054,1.466114881214431,0.4124386726173366,1.129531405725071
23.165331803514142,0.024817698799626045,1.0305756178466356,0.9706856173171202,-0.012151073321407718,-0.07223827734576088,1.306037145006398,-0.975881701128261,0.26895940720505584,0.07911342714908709,2.1449879382223225,-0.1619017705035415,0.498667911496386,1.0616284910579141,0.4605919838287117,1.938065750255158
5.89172797759108,0.23147061861709167,0.2488588195411482,0.6850077998946578,0.025540708871249845,0.633044197302648,-1.091069791316174,1.2326225044776322,0.2361638385033401,1.44205349587254,0.17436425556412916,0.20787343960757548,0.3313333978936003,0.9851670728391124,0.3838868987593063,0.2829201780184426
37.709220925814904,0.1847497989247458,0.8788809531810701,0.5876172394091759,0.060367412421959296,0.7467612063307665,-0.035560698382620534,0.9130482703070792,0.1768586610099065,0.6529435584517922,0.5885972963029784,0.3136353581048539,0.251355935778091,1.9301271360675247,0.4488815399262764,2.8888955332346935
-27.50306911897697,0.000621482525963904,1.5267849552015624,0.7084328507551719,0.05776604491451634,0.6841750786475567,1.0078478107214233,0.14804009258890183,0.11158743615511592,0.6318193024370917,1.579462960997035,0.5397011273261907,0.024817555503571093,-1.0398534560410082,0.40039840364770407,0.44426652195427363
19.69689710225616,-0.02246303539552616,0.2463651581463236,0.7488418340815173,0.02588602187203914,0.3471516925931488,0.4268619783171639,-0.05986470604469851,0.1648669669331998,-0.012975351035599658,0.4222262978294494,-0.18784049552799453,0.06743992680871695,0.6511682589119816,0.39067350740512113,1.777133943205008
-3.5932699751253114,-0.4630880132600933,0.6316670178862722,0.8974547485311086,0.020990624175941032,-0.21648101100847716,1.507099979240813,-0.1481757640776733,0.2665812951414435,1.4868544997330742,2.1980999835755,0.41851564764442567,0.44202978775696267,-0.683745593165276,0.40875002894652934,-0.06923747956897497
27.272301839415682,0.008997906201398606,-0.12913336384544527,0.7762188534958449,0.032995681416208414,-0.016861676349835764,1.2876894051944667,0.15600975539533013,0.19880384285280053,-0.3372189660165449,2.2076496867517075,-0.130616564768974,-0.20862097657010464,0.270586284440926,0.3378185197289805,2.2623573024235455
-18.347113737044356,0.3092672653532599,-0.6116996807939777,1.013170637218535,0.053248822344964794,0.9574597477469381,-1.347454377642737,1.2012284459873395,0.3310260227987952,0.9576997748486522,0.40824483880235435,0.13139926446818134,0.16558601479996363,-1.481898123987483,0.4095848236072991,-0.2966216186252457
28.76227017821267,0.05627213423221046,-0.10080545978062827,0.6819597639710034,0.02270492502753705,0.45607022013679366,-0.07698461723061016,-0.24175801874988867,0.20620024087414213,0.855929471825656,1.4436490883059911,-0.10158003441974783,0.20957630711417086,0.2986355557749804,0.469764266985658,1.5617991439795864
14.854916340143085,-0.12732684459872173,-0.5796190056209639,0.6824074850404738,0.030329499605169435,0.2532127862978851,1.1995918194810908,1.1518521985484638,0.20441147286251388,0.7330752632190944,0.8081092581525952,-0.020493379184579386,0.4661178920029798,-0.6528152089037181,0.48011333923515137,1.2466409182824618
7.238285218106965,-0.06195216374425483,0.573569145099358,1.052736483239497,0.01136324060470869,-0.6825840115001232,-0.9509546650712756,-0.7489694118818919,0.14778914857377468,1.9642515971610264,0.7517684883324365,-0.9446625909904196,-0.025678297466414313,0.9772595633380046,0.46910593156761776,-0.2315697824058789
-7.350832924941519,0.34143903751210264,-0.11567737039803516,0.7788897675040013,0.02635781813660188,-0.583400892043931,1.0071443305673216,1.1349922810782036,0.15036659132929697,1.024581942767208,0.1888403853206928,1.8130051967997678,-0.20999744398432163,-0.6371503627532991,0.4149108206560252,-0.007129562288907709
3.6338075520046678,0.2686252303154919,1.3528846183386234,0.8071499261031403,-0.03173054197658952,-0.016634773688918136,-1.3412440215268209,-0.2514226596309421,0.15791108232013543,1.4209260229016558,0.5414285761179626,0.5361423394385787,0.4935732851345561,-0.9171511652711941,0.42953831228309436,1.5279774776056754
20.885486252064954,0.0815267118114148,1.2493007684878472,0.6151568946306292,0.033500037681023026,0.7341649229712721,0.41356047704777227,0.580337511555726,0.13025512034188755,1.9369966941618983,0.5635288462704331,1.3186337504805297,0.24754208828176355,-0.19852794268738133,0.42208923916076513,2.731639160423338
-25.899055412890483,-0.05988939445517341,1.4161916683562694,0.9596640282085966,-0.009608804437416137,-0.26329646651464067,0.2076763987293768,0.961620393483596,0.12105972380397256,1.1922375584843004,1.3112715933105041,-0.6778106362780243,-0.11905610334538441,-1.922142203601792,0.3893965322723627,1.1913258514438807
11.044267608905447,0.004905363889736045,0.7741293472876889,0.6823539162534725,0.02508141990346026,-0.2961991387949001,0.049630867654807315,1.502500491755783,0.19330918820173437,1.228650338629487,0.32219108335738295,-0.20448104668885192,-0.11464342572810476,1.565095698308779,0.36675238855952436,0.9665937844346152
-25.41217915887856,0.20458372573110578,1.4220122535816373,0.8635536623082027,0.00947380876552761,-0.012297413059266626,0.6467738834628312,0.910158909733305,0.21108366322017236,-0.8305927883402872,0.8001665652857595,0.4744602885646555,-0.005828435803433146,0.011140194212083843,0.4281389926365811,0.08772051453502805
-23.75255113453261,0.04314971331761626,0.8933395467898407,0.8921907794468824,0.0937983986394324,0.34811606932919736,0.364188785425571,1.8760306108150402,0.2799451166589717,2.0341274029648004,-0.2739963474555749,-0.061794191540348764,-0.019494213350822437,0.2308132213880762,0.4004052811030042,0.05292660540168237
13.08514862253492,-0.15485010641947344,-0.3324605972703424,0.5846348019937346,0.08996295158048045,0.3596781349433745,-1.5148469023855897,1.3137046100132999,0.13937348918435538,1.6762962801774584,0.797126548563679,0.6431242269537671,0.4797184187910873,-0.5301361215305036,0.5278079971503062,-0.2410244201159688
-28.00374659893918,0.21693213614480245,0.6957236206596839,0.7919068960962679,0.04794248208768931,0.6178048816882766,0.6245887993104143,0.4773328802444974,0.10332049469965437,3.5731301209000383,1.4093798245583056,-0.2076284827964615,-0.15953384609355864,-1.192010089694529,0.4430393983870693,-0.01732214743766347
30.1724385823346,-0.17936101979762253,0.006548930608442527,0.6954882425886709,0.06537232529731574,-0.37471863362455615,0.39286364530403,0.6566740110725854,0.24431878860078438,1.276034821066691,1.5338053866488903,0.6306220511936473,0.14670651170089585,0.43282372973931893,0.5065307269928474,1.254439401929638
12.417460861156158,-0.11047189438218413,0.07609586863869944,0.5669171800149593,0.06904892702282275,-0.1332401035022886,0.5682492120790532,0.649167980482474,0.23616198147831918,0.6297701844680206,0.9126098568451488,0.5074183660352055,0.40695006124528377,0.9602574300947099,0.4800284129968792,-0.046848268402962634
-25.985219042974748,-0.04135188215621996,1.281363460751605,1.0774176176164163,0.0034816070885752073,0.648799611338756,-0.41375717087370073,1.4927894616292332,0.20920092272738935,0.9166833835578485,0.10321714422872585,0.7126377929241919,0.2661561166290823,-2.010593565286279,0.3644013102373541,1.1760727538109652
-30.64216152238632,0.23427342166596965,1.6239588651338046,0.7860174036214579,0.04181553742065615,-0.27903185091470417,0.2899187286606911,2.1153828127829497,0.2354024782774206,1.2387451221136718,0.9364715202059126,-0.9498081033927717,-0.059011566263677095,0.3192125064456199,0.4276777946906968,0.09841460149839265
45.227972053907045,-0.5381941352281826,-0.041357986889453136,0.7007546892792741,0.004254628179722164,-0.1529713640591694,0.13174802053822177,1.3733509696303106,0.20552502848274581,1.3868009722404007,1.886574952284155,1.1733347652370467,0.2526648852614848,1.2162943328020899,0.45018569245925105,0.9895323011225203
-30.72488176638528,-0.24204605613911268,1.5540689198320106,0.7044555612910518,0.038420323053633604,1.3137738785907638,-0.5886358760855424,2.6447696357258037,0.22274956884432562,0.7036030311055066,-0.9827736130799283,1.1180862656586885,-0.08651434883129944,-0.18622655925528236,0.5138901885472863,-0.05412028629134957
21.200137810060156,0.5578566412642373,0.17514138688353875,0.7459341789729259,-0.0013603755464832931,1.2690375333652102,-0.8279736607388124,0.3587550268242443,0.21416303056614006,0.9712115542007586,0.8643857596543527,1.3516991903659983,0.0405631068166704,0.15556837047814348,0.4378551468397683,1.9982792624176995
-26.63160844794518,0.4781596717507633,1.6694782242866557,0.8222556765204216,0.09050375130944119,1.5760698389347887,-0.47649934097460955,0.6635279967607027,0.18856435785830472,-0.6759419505086796,2.6189803411239367,1.068826485751389,0.11907835571488032,0.06588069989965903,0.44623967890401767,0.2154769908630313
-12.215010015281187,0.2988183583809557,0.515212579087716,0.7948009128901481,0.028479891629055662,0.4956418243253383,1.3981509539712467,-0.558773302799332,0.17428129864520356,-0.5256501360914599,0.3225260073730578,0.6936220529560762,0.19670734520601174,0.6302279332127612,0.4843708843778251,-0.13621452786318833
34.71845812461252,0.08695165320515047,-0.2895475199811547,0.6292897603800774,0.023812406405234365,0.518833963753802,-0.6938631122897789,0.06935242257091323,0.20364564942647453,0.2658362252666626,0.7147578143293871,1.30187307415338,0.44381829293920555,0.7063409666165668,0.44673592375172677,1.1481349152111426
-18.793568655370127,0.7309168425694842,2.014716794454283,0.8990685044104749,0.05480161183518472,0.6153805128570067,0.27334678623025543,0.6187547571447004,0.21677396046969988,0.4243695389006866,1.3110991105702743,1.1247517401635139,0.2750792529808184,-0.2592225643926268,0.4724510425054861,1.5383881515161448
-5.009036493139862,-0.1219279303538825,0.47801422087352297,0.630628503657138,0.05046973832737996,1.417745168703249,0.5054491079583745,1.9330486029888843,0.1769381763444137,1.356522113568541,0.5591868864612509,0.24334918503979397,-0.14230435638536337,2.1790133518803407,0.5461190334686861,-0.37669225904738246
-37.62915926782547,0.25434059755019156,1.1487112708298013,0.9078345740246884,0.07509677012607069,0.44621830399512,0.3475114077411037,1.7216337176676473,0.18028854762048396,0.6019237374947968,-1.0137454495158418,0.05503371980800387,-0.10834721140825782,-0.1897747077078406,0.4401985012933928,0.03146156831514357
36.21191348350974,-0.4699487128461165,0.2792180905673979,0.8704605720742208,0.03232130586746766,0.8042823345929349,0.038254814925569355,-0.3421771989134381,0.16595115154564583,0.46381113813631913,-0.2809500006092358,0.4654224792472597,-0.3319058052886112,-0.12247842878284304,0.45299171722669485,3.174735444152901
10.405139102735133,0.5125788454285427,0.0995715340307477,0.6802668810377454,0.02653269514400027,-0.5436932410540464,0.049545071667877943,1.2742510873737423,0.2259675442940672,1.6034441319135138,0.22137412150452918,0.47610072965982775,0.13329145090855826,0.18951415636556765,0.42706665638698704,1.0306030731723446
0.052230227197568535,-0.1143273787423229,0.9536804622223798,0.7547180266787444,0.0505506504480175,0.19274067278721418,-0.15099234542423184,-0.1886652723320157,0.17544791325124862,1.4527064141269568,1.0251188441165744,0.12529398011722112,0.2702312824530928,0.9334034123904541,0.4975248223577217,-0.2090652363838854
-7.739057894729109,0.4398107314264602,0.44917510828248136,0.7229677723357831,0.0668270331821488,0.8403430617618226,0.38526369695820484,0.6367841668475607,0.1974734619651185,0.880167690264769,1.6035631792006702,0.7242618973344348,-0.10273307216310018,-0.2018820459950439,0.4596917619646413,0.6510201673644992
-2.882491125461626,0.42018431779779686,0.5248310444331207,0.5231543353379144,0.02431869037209853,-0.09877206716569142,-1.9075739368539346,1.2156020343413112,0.14090005723440183,-1.5838636734414746,1.4046064916239729,0.3401149476110422,0.28038556160969164,-1.193827767568408,0.5208688010316975,0.36533501294563897
2.128371031085214,0.2281888166240248,1.1411843334040068,0.6250694185079968,0.004570439243931253,0.3100274017268231,-0.27559633135618955,0.33745689304567117,0.21803273825813446,2.0365401219472306,-0.731718874952966,0.7419681923556606,0.2530706594090085,0.508417787615453,0.36642951317046824,1.0047396497256922
30.616279638676197,-0.2663284989166907,0.9227981949841789,0.46474848361778354,0.03368925698043116,1.1385844652225376,-1.5880951416396178,1.7157434602872126,0.18202819006644133,1.232695507891845,1.437487268645261,1.0662974662496176,-0.10387602944455215,0.016199464468212577,0.4911040697638686,2.442121113313979
31.003912598798834,0.019099381677832095,0.5058815978166222,0.6910412753381452,0.059681911196717244,-0.3440092393274137,0.30071801243248164,1.6711719478177045,0.21356230836958484,0.5479926968403249,0.37899357032401315,1.7001579407720584,0.3746018781588419,0.5198252791087152,0.44351086130968204,2.137104396932255
3.1112536034820764,-0.06700983508438804,-0.7887149273176325,0.8091936061652952,0.03288552050118036,0.0326961539693707,-0.8377711173604971,1.0029865862148906,0.22093005881967023,1.6148994015034255,0.19885011937808494,-0.018473169995390393,-0.14940167197858778,-0.7354800555384129,0.4874508508128378,-0.10558837767700346
6.3629786911464405,-0.4543141816842955,0.9572679603887042,0.5706062694002224,-0.016809376249370844,-0.08240616373447968,0.3297427236782189,1.2924124647977813,0.2644796926794775,2.190248318077991,0.9921228831580162,-1.0010622702014051,0.3450754913349672,0.17916826886386963,0.4207364970581594,1.0244048214863513
-32.15683907896475,0.005125721713320694,1.2782540186829734,0.7577447142797168,0.0407795586202107,1.1290314917059914,-0.21322377767599232,2.1499580671564944,0.22238738311459702,0.658118872274761,1.6229234752092339,0.7272410585166145,0.07502405259562986,-0.3030573408261873,0.4801803570436041,-0.6720981193533229
10.6039422201387,0.12574193140021955,1.7025288256873194,0.6810809555517361,-0.027305119181166362,0.30070475415878634,-1.2492258720658684,1.5164595494324216,0.1615704843187013,0.3338358533977233,1.279924902888967,0.4228141669109272,0.015833685891366578,2.306700957822115,0.4394492792887814,0.7198406772324006
23.298542172875347,0.569799736088181,1.5353913532214347,0.7037936821974601,0.036493729394787226,0.7021087730068689,-0.7552240089080069,0.23763725113324086,0.25399554662468027,0.2072120891880328,-0.7345531186407908,0.3756879106020204,0.34947489970080864,2.9231047630518,0.4153270807196909,2.092535904588362
20.788427718742682,-0.2111958577030853,0.7753475735280453,0.6987807978909023,0.03626938714494206,0.2951378708822437,-0.8095576445196166,1.7103955120486187,0.27741069238857086,1.1983454744753685,0.6383201731114251,0.6527688648214625,0.08154770291029673,1.8586611273090463,0.38748367316436705,0.6632289437297493
8.731971526263653,0.12387480995127334,-0.44928826667067534,0.6048622540232221,0.038704321547899614,0.17972842867483235,-0.4229245165708604,0.7467019050936622,0.14931833899365093,1.1978619029157231,1.2941192540719184,-0.5140825034895781,-0.2127722855255647,0.16910460881956116,0.5176607218064189,0.4240232794908389
28.267913612532418,0.21664535357459,0.18653778209297978,1.0087694172269739,0.06057514819816229,0.4858510921523631,-0.2601641724851823,0.9953577538819623,0.14149147924595581,0.7682193261086289,0.4187944789728382,0.44782207105784555,0.43993743822117237,1.8470062667841383,0.40510377013016624,1.583830278072968
21.874699665377307,-0.5274797278900872,0.4957022913998378,0.8050371785475756,-0.011288245115502006,-0.5895685943856784,0.13282698316574026,0.6561722450345695,0.18155165593715072,-0.15507250936890515,0.15169552138713238,-1.5191616151504226,0.2238331391973925,1.1065348145949097,0.409875995641889,1.2408683366483788
3.611052090913361,0.11528788528590453,-0.19699491117568457,0.7128917998397621,0.0023951369227663624,1.0958600954484368,0.21424618268880477,0.3604038523997988,0.22638812908714814,1.1818608830938788,1.4836727788773483,-1.4519341790119402,-0.1347471385098294,-0.051797613351610095,0.4760805004189236,1.1373198222699727
22.776593233976367,0.6184199503455459,-0.10386261264840624,0.5329798457272443,0.06954181542950068,-0.6246705267348105,-0.2369591829418205,-0.022336482622469678,0.20393551331944762,3.5798332254670275,-0.2928825823315364,0.5544933389141025,-0.2508601246368328,1.1586056419555222,0.3899585392200068,0.9140600832415391
9.121464971105333,0.6862395319785483,0.1437378478535687,0.7503649920208687,0.0906462084670347,0.10794232154619304,0.07115575466574794,1.192350819150256,0.23907865397339342,1.908791465652909,1.5481728366432859,0.1534546161577464,0.14860280480913635,0.7260345675788311,0.44012235549551,1.0190002858711065
-5.801614179062236,-0.008729069278872764,1.9460292764727853,0.6260017815456327,0.05876358813591706,-0.8796166535011769,-0.590618082137454,2.5624780497294894,0.2119545485730838,2.2356941045839274,1.0435762806377564,0.88055492637107,0.23882238977820847,-1.1280859341813934,0.40598131259794407,1.2752238397882454
-17.012905044328832,-0.1308965460826445,1.5685404945202603,0.8324432069436922,0.029078700908287465,0.6989900371904636,1.5950550132611938,0.7204944423229969,0.2773313708838871,1.793887986527103,0.626144326423609,1.689225601678084,0.18436798633240808,1.0259298146854783,0.4583898821547123,-0.24113515665261032
29.365333410636406,0.26349832324008815,-0.13447342208847124,0.5097076614132192,0.06771936512438925,-0.02268959779925911,-0.3566785421062632,2.087443257276077,0.20038818133163377,0.9861012013236208,1.156857875073649,0.9058996811806393,0.26360741223573403,1.005337225864438,0.4105973239016751,1.1668105901540402
-14.686002263589835,0.3913197837980028,0.19015532018432252,0.7883297812020925,-0.034671297807575704,0.7970858588156164,-0.5569450528625058,1.6976566966758717,0.28949070433072305,-0.3544514738751118,0.4350946780766545,1.3257272325181466,-0.020202044306940448,-0.18328778099376702,0.38431086377915835,-0.1613365739596695
6.155064836898863,0.021831720339966373,0.3872653298522184,0.47347342925874314,0.0203240086113698,0.8801537319727296,-0.041393621023304836,1.4648292084379197,0.18986919084863685,0.9038674631499458,0.4331597575759085,0.7538198133668711,0.34928307072180903,-0.7935768417938867,0.45764123326009937,1.5008976346369973
-13.513271379827907,-0.04565576878375016,1.4526075410299337,0.5768582796264837,0.027570498519363388,0.024061300981474965,0.17208885937116325,1.2414066153769665,0.2532826752151522,0.5890998310507962,-0.02203010764932123,0.492215424926329,0.4943678040728737,-0.7320473300881343,0.4587542105796511,0.6947468157051672
-69.98625974274292,0.19937051251648003,2.1714704608503212,0.6627299539356357,0.011183865366773196,1.2328999355104544,0.6614021365747111,1.159380776640432,0.14949475651829278,0.648071835357937,0.545989114461003,-1.4909182432116672,-0.1302027851932599,-0.6905508578741326,0.36834306799266414,-0.7780843352248246
16.197514863672865,-0.03321250826139427,0.6402576371800599,0.7750429645996768,-0.04498827497558844,0.8115483677261727,0.1860369664211423,1.2722310755814892,0.21297826323369026,1.38754603645169,-0.5213109306689665,0.3112400164611814,0.4045126623984288,0.2274942119341337,0.4667821563783815,2.291207936319821
9.53289355126778,0.4554272567546282,0.785499727744817,0.6835001601720767,0.048701051233364795,-0.45614075979424995,0.4611769897889535,-0.15027961632339215,0.2710315366986745,2.439329247442842,1.005634196107034,-0.13734700340003314,-0.5388904127839557,-1.24593519286956,0.42687258301627884,2.9223202310601266
-1.184936202853618,0.20520069506928126,0.8497332840231171,0.6652274907037549,0.10247747513834742,1.1635910956321593,0.10678412077033587,0.36108002143459306,0.0913741912693672,0.15695420135278992,0.6811508380791206,0.5880530823786281,0.11253857852760858,-0.017777236549654407,0.448947673912927,1.4400442556065072
29.215371528024875,-0.3358227718397255,0.39830039607662393,0.6462658579903431,-0.006085680418541857,0.4172520456331894,0.5527566805350147,0.8981936521630126,0.15900420249247763,1.0736614975129275,1.3775893079650638,-0.3623526066091981,0.02986708722574062,0.22840900282037158,0.48996669972372836,2.4700181659385105
20.468297934764884,0.31766906505094783,-0.18579361147294782,0.7298939111164305,0.0776391711689067,-0.03199483104944523,1.7640815785771133,1.4134115848783964,0.1065578370701592,-0.5086551867496955,0.7024052476538116,1.7238191181441906,0.5500123022113661,0.8955550659514093,0.44486666237380323,1.180268108233785
4.216676207703597,0.18559939786702476,1.9328335497580338,0.6557095149825013,0.021980286994773994,-0.30401101974599776,0.5160745102880522,2.2808496939410308,0.18704365084657015,2.130943375382179,0.8233704301928816,1.1672067188344628,0.6742621105719411,2.3005549591127075,0.47337403465934347,0.24961432459416932
-18.20883015123033,0.3869590309708205,0.6377581026770313,0.5612181684376748,0.02241457238527711,1.0263223263120977,0.19677098688052394,1.9181965778331642,0.24402879862049232,-0.13777062935839768,1.2822732842792117,0.007541257858911243,0.13673840741743065,0.37944004910471174,0.43884075750063894,0.14432551126508375
-17.356898525693072,0.2263332941324695,1.630244919192758,0.7204284391687431,0.05487009054700061,-0.4478537797297951,-0.5548881707708114,1.3455343931016928,0.15385501988332664,1.9797163193187894,0.7565358456988426,0.9658698875797426,0.380545076166907,0.6230990064149086,0.357312634903462,-0.7217329286053611
3.5186884293552048,0.496206261032275,0.47172885175626145,0.7717378241847473,0.1035630033349199,1.21786207917213,0.23576746743802746,1.7551584418758257,0.24544812459028933,1.084371598660517,1.4074408801291298,0.22899132525872648,0.28730747766831355,1.2341520455827335,0.4642543493895445,1.325851257830795
32.11334939823349,-0.2797507531760282,-0.15891438389846546,0.8051873029015026,0.09543786739739483,0.1266223179703957,-0.30307320363854606,0.9663325772136746,0.1652829502341297,1.0677484776528134,2.4809643907813754,1.462522424798404,0.5130789466507091,1.1530007722905373,0.47098256071375966,0.04690401538524558
3.4441018294940857,0.5367863370987994,1.0307018743808367,0.8142575932707505,0.05420148758870594,0.6550772102319948,-0.25117361750288514,0.9684318603309907,0.2126484940757792,-0.3074506708553796,0.7822463373757959,0.17714633895965845,-0.14173792722044576,0.0038006751538746664,0.42719115775764666,2.4827237502986588
-21.35207731072805,0.5095313576529297,0.3263580911725739,0.7060019263403979,0.017198146156513848,0.13237956575426577,0.29877275248870544,1.6874992441022592,0.11485624455096988,-0.24991974754811108,1.343072562807114,-0.34431590136045465,-0.5641302777872401,-0.5232812538278235,0.40392862137344465,0.5185003342769854
-12.702446157758231,0.45835354127122413,0.22691553205984344,0.6349037284825318,-0.03263524607106598,-0.9519691926458791,0.5305424069094957,0.10066647629238412,0.08447036397290399,1.2307561694698814,-0.7573095302535138,0.03743950374369337,0.06856939194264175,-1.8848996294288611,0.4628222583695927,0.8079360540504427
9.6205326432141,0.5658228339968833,0.879710465181451,0.7831041730629563,0.06717491843018175,0.018506630518022815,0.10838592328219554,-0.45393332226454164,0.21521743693320633,2.3014430247689917,1.260011258657692,0.16525413791501797,-0.14043822495784192,1.4357421053298933,0.4735261131856969,1.0276199861521387
-29.712848817560516,0.7831800857607317,1.3694101197752628,0.717542472035685,0.0009018489896757895,0.4259231912389836,0.27593144419324117,0.913535017748439,0.17565358717293358,1.9803092514601879,0.9887270936948184,0.3828010128895193,0.4433374746243366,-1.7192592657215384,0.4024820647830467,1.0357615813066468
16.343513770352107,-0.13271457270949616,0.9277511908779223,0.9004693522437022,0.04040633484557146,-0.20515630624520276,1.1142691170816525,0.990992479995596,0.24284220642299098,1.859296907528282,1.3713477653160373,-0.19772554377348228,0.24257479676485225,-1.6322614953859682,0.5056122683513214,3.422048053123069
-9.546076812864872,-0.35755495931247616,0.5986703496307356,0.5462897918925111,0.021100844689763282,-0.23622560726057595,0.8785745668537549,2.0798846836518576,0.1938314316865311,0.29364414094465396,-0.3479705892123317,0.10631596516924458,0.1461433475550664,-0.2840571872656099,0.42228991532839916,0.32546367134201826
-6.291261254762576,0.2311770491480138,1.179697013674946,0.8948152628304396,0.07935123135881142,-0.02706210837122397,0.3520271836514824,1.6694895204036482,0.27409898392969223,0.8459755905108872,-1.070884092452184,0.041382169954884696,0.13192710243575334,0.6066510975422437,0.48227598933563504,1.385609575863371
8.23262695656187,0.11299056475839382,0.3805315921620387,0.8218583090569309,0.07320560346844598,0.5596589583170117,-0.17187897532047175,0.6553539876157872,0.2820720006438117,0.01489772476211959,-1.0338805415781895,0.5240725478183508,0.09203306415595976,-0.006829601687372344,0.4366589407284536,1.7890337727786312
9.943359317086164,0.024002447378988975,1.3782565085030518,0.695606050915251,0.0026381673215299314,-0.015978682621625107,-0.7919132843615486,0.9129207176579694,0.17948571741197308,-1.5666769792534443,0.6973939461770844,-0.6831832047666058,0.2850508685210823,1.445240745134695,0.4701065982451864,1.3205116616672314
18.43552470290786,-0.02092020086435989,0.21681365321410567,0.7084046051783794,0.018472956998871453,-0.4893331569200011,-0.1626872028978702,0.4721755892815412,0.1606419164908533,1.365316511139641,0.25221296200195115,1.432294491203401,0.16963784460448422,-0.13590489404779837,0.43527247038052125,0.860591931758428
26.34976892549562,-0.15950615119365918,0.1496807381741031,0.6808291797545521,0.08345892451228132,-1.6262863241918428,0.9511019934732865,1.100603182664559,0.25865123462558753,2.091254591074845,0.8605940277233866,0.5978430890309362,0.07737747054414007,0.11269841753303861,0.4084487490198696,1.167001421766484
44.122489447073356,0.06472197169756537,-0.41676146449773566,0.6769763465189095,0.03285835649632936,0.274756123314678,-0.936231347716296,0.9670727359969418,0.28907476352157746,1.2261884187619079,0.7327351189383392,1.3059460005443109,0.24901720235169672,-0.8213411424199661,0.5013893237350775,2.7746043169782966
-11.990038841730751,0.11966408831558199,0.841293872093888,0.7289578994101721,-0.004825089152087111,-0.3267038591343243,0.1732101926068741,1.61441191461686,0.29454772271071905,1.9316971900751105,1.5951248774277622,-0.11156516316640713,-0.44087662827088125,1.110019862764295,0.4874955275463468,-0.5535334495210487
19.177265586684904,0.5447536731500662,0.18684292742336617,0.6181777334611938,0.07601776745719592,0.16814183272669186,-0.1754721154145678,0.5469635413067628,0.22510316004798478,0.8692997879072631,0.23849831455128556,0.6403740424651309,0.3591281664181506,0.3657767706317852,0.41349795091784153,1.6631215331420317
18.127056191614468,0.16356996814055694,-0.959138953089452,0.7799386928984049,0.017577211889645068,1.0555619526764801,0.017947325549447394,0.6923355059441978,0.2816120508583845,1.3875548324866922,1.4306879730980118,-0.004146738270305206,0.1128459788798793,0.5046296777305023,0.45125505125035487,0.7374171569729014
-8.880601878972227,0.25118998254721636,0.5707108585257652,0.758990900537131,0.04714224882997688,-0.2803838706885121,0.20767475192334928,0.6517804695818621,0.24333999692117816,0.14097982141775744,1.868443119665876,0.3872567030095815,-0.08595045093745027,-0.5473193851724442,0.4030545927830566,0.33277802004400214
12.954675468343897,0.3169953193377846,0.5074033301699539,0.8803510224927027,0.05684636718963493,-0.5002824096656096,-0.4065433426597195,-0.33202633437203777,0.1941180462074502,1.30806276443484,1.2920445847073647,0.8150322924379572,0.5295091605683094,-0.7400501053569648,0.38489541970686325,1.262772701200217
6.840275234548641,0.0733940204515415,0.504127731407489,0.5389388607656908,0.014659844144585397,-0.7554464812772346,-0.6502862158088709,0.33020966188357515,0.23394147209664534,2.1615563648529967,-0.008170604343856969,0.08972437904596336,0.2908025135585242,0.12673842401166874,0.38684805465904004,0.08190720666956597
-0.3996716371423261,-0.02860640150369262,0.03859150750753393,0.7448554322834258,0.05022353438378181,-0.18763731793033284,0.18813436861421956,1.8693114620647737,0.15747325920411404,0.8119962555461578,-0.5255126355508624,0.7310091258303086,-0.30939266148931904,1.4228308639359146,0.37671973062067565,-0.39979693636363267
7.4153520437380145,-0.3943103954643744,-0.006319721390652067,0.8611263710981464,0.05319235884303735,-0.398924490209535,0.38536894496548724,1.448074607475389,0.17313363988519365,-0.6626806477844561,0.6208709709234814,0.9297850904020926,0.41237754183479625,-0.055233730372372725,0.42982051303972746,-0.0384462356716847
-35.008253378763285,0.010802989850952363,0.2987791255153346,0.6234843637563224,0.08186053469689783,0.873730131859204,-0.22321641220780408,0.6555966677078178,0.24629707537975667,0.6854359269333065,0.6282752432422218,-1.0786425407437812,-0.03034850901225225,-1.4523707081649457,0.4805801927470778,-0.6475747171600428
37.7625164036197,0.1029274428451155,0.5139797110582923,0.7692353881729083,0.011116452528243764,-0.8742719135893209,-0.11187519478545496,1.336377045839863,0.18459608533385405,-0.2665638452119764,0.5042349245871551,-0.039325629413402896,0.22267666638675906,1.3926312405302306,0.4608984916328595,2.2666378084843846
2.6544681960651415,0.10029389766894523,0.3221014432175554,0.8270194487007831,0.09240848704671736,0.9253775501378577,1.257079110018104,0.3168508498635487,0.2362270863231976,1.0509307881885754,-0.5392075051336829,2.0268633213256178,-0.08087499958656502,0.31327641040181553,0.4461722179939117,0.9617682620059174
20.442082068045877,0.17693027138087086,-0.6793737147211522,0.5697468884064544,0.03734587450465673,-0.3398222762085503,-0.5959669773400448,-0.1121711075532914,0.23914957168556428,-0.16571157403094505,1.7220683127118517,0.0443141366879497,-0.3288274825139247,0.4069069151768476,0.4278016793339148,0.28438221788861007
7.216923295383557,0.05304047870295754,0.012673449779951662,0.8403543034466548,0.09582538385001681,0.5222949921861185,0.6908659414737991,0.3196017354360865,0.19158342779953128,1.6689302214016357,1.1767971191488023,0.004872025715088657,0.383554247936116,1.6993102117106207,0.4097624016538657,-0.2627057498063845
19.578167317522038,0.5283780278554038,0.95759370611499,0.680930159596076,0.06177070523002903,0.1839241112195159,0.7225480713902633,0.8917717142480988,0.22644216724801738,1.4896128442845216,1.3305858469689609,-0.8787507837038135,-0.3464044258147992,1.0412862745756466,0.43021750590482133,3.052954596323411
-22.98984104093236,0.28865914105923196,1.3111945191545862,0.5990039245786265,0.07837504300323221,0.37160806787907036,-0.7511190760790356,1.4645025182180582,0.3203593120573823,0.10932301093182462,2.510910830835929,-0.2605392787937335,0.43185824434235204,-0.37720686040965257,0.4932331039897164,-0.23540374999619496
8.285802907948298,0.3192990855423163,1.3030497035696524,0.6955002238364743,0.04223738224975133,0.4472041607829084,-0.6279469293199582,1.2818178656299704,0.1400443159455943,-0.32840582173606714,2.261902611783658,0.9767288601927825,-0.09981312242821028,0.34720453923739003,0.4261525252727313,1.6146402378795006
-15.604504356758717,0.6240927265001815,0.38303727150069317,0.7003573157992145,0.05249381492558017,-0.30607623963878705,-0.06722628914779148,0.7461546164631327,0.19584552000147915,-0.6826362109033094,1.4335870637952903,0.8229316639024709,0.03259803760525569,-0.9455819876781779,0.4444229852998485,0.0584717513619476
-26.317744590176424,0.05046624952935928,0.09799193557891916,0.6998894709143457,0.0060269893487126976,1.2314016775679375,0.40364367883674146,0.13985002901620225,0.12538370439085275,0.5326569558269578,0.10077954058743144,-0.4245373797836187,-0.09514927001401874,-0.36300607494192183,0.4374198937552428,-0.5477443615662436
11.407393268652804,-0.0900336211698557,0.11355699612225567,0.8423668520528532,-0.01569559367923247,0.11665763266558904,0.2817970523784274,1.2412280492634622,0.22370983215720433,0.7508886668518039,2.0268656006887684,1.3656375766389957,0.07365873981463186,-0.5829001758371677,0.4560291309102679,0.9101502702417451
2.212864633537719,0.2129864406433059,0.2569056908486713,0.7114750451454108,-0.01514026480450166,0.3554664421449893,1.1091500584344995,-0.2854664827972011,0.10690307353920642,0.7851116140992176,0.9841850587005333,-0.02182763037577823,-0.14165131529723163,-0.3993207537776642,0.4000799797497678,1.2693832242581833
44.977364639089906,0.30135677644665726,-0.3924914322628249,0.6932530649392403,0.051671257098170345,0.6631863136631393,-0.715830102599017,1.8624525374823033,0.09155828708345022,-0.04923379452268917,0.8741460009754425,0.07236056264831064,0.15466760441988123,1.9782883195113614,0.4662280906353396,2.3773345762053846
7.021324601618442,0.0561669402373271,0.7161857474567147,0.5487766983513409,0.056355168529992505,-0.6197486258746603,0.9617442662324794,1.9692160372715566,0.28451529526092684,0.5108204078210097,0.5185074226318669,1.9927715109455106,0.41906987007077007,-0.5001627192993187,0.38182836393906033,1.1232143129074639
-1.4049634783750284,0.022686063897572523,0.31970916744155425,0.7050235138973759,0.02215111863978942,0.08448941791358933,-0.3128751352319107,2.4536366520839668,0.24137820680730787,1.011849012315502,1.5834034439624012,0.039050635038363646,0.27997991558508506,-0.05383020253965648,0.37907267697777663,0.3240854528446496
-16.448164385975684,0.15464107130965066,1.199399035369501,0.6742364261873625,0.026786281122870216,-0.08033128325997346,0.27282418432462385,0.3768972002613675,0.060608399980674466,0.9017057530264825,0.030961778687475627,0.8614922310502668,0.10480005123355507,0.3303939362160846,0.4142829509234529,-0.3251761839160461
-19.128453866810283,-0.11365683943028143,1.511913702208171,0.7475010872595417,0.025833726582686616,0.08569699821119203,0.05584373089551171,0.20971812663311684,0.24133958961313004,-1.0558625066831993,1.0119175998510763,0.13062636051667384,0.019790557715894497,-0.43043414174017525,0.45156418133038995,0.13993522347640852
-19.322260654676683,-0.00573805075797898,1.1104760723919713,0.8083725197730618,0.0070138744813737774,0.5294998465601336,-0.8016240207427996,-0.31382816955952975,0.19164068801940215,1.6244447433975469,0.08244894596113217,0.09219706448295617,0.5270240338343393,0.18063342727175846,0.4603041267582027,-0.9647577272904904
-21.79980406088332,0.1023010645025005,0.1532198733170136,0.6436190145799242,0.050408306400012065,0.0852455887020116,0.10130540985451851,2.4858256800812466,0.24883690407856668,0.40258954869228386,-1.220742893901828,-0.24796082709434797,0.04772457382247765,-0.03462594403669578,0.4638972967714528,-0.2866347633097699
19.920413038049837,-0.13356580518221262,0.24075062620484533,0.5134622998742365,0.06913143009872273,-0.00858929298224792,-1.0397583210627963,0.24616960927451048,0.2508535657107786,1.6447952746657126,1.943586228281865,0.012402088625728114,0.19772516233541193,-0.37929870512018693,0.49517587235997873,0.7264301388664507
-17.655236109469413,0.13250868409117006,1.9389705623899451,0.7880211799335234,0.03612831018581231,0.9184532178965447,0.016556630897517504,0.26267965540030014,0.26721854938292444,0.48438878877921043,-0.7293787404295793,1.6914808828390628,-0.006208837603294021,-0.8297837910299108,0.3461417730667989,1.6759059757732218
-22.472808012216234,0.19628437753665962,1.5549933783780656,0.8919887394615685,0.03724710060298342,1.700793468723185,-0.28794520613913105,0.10267160602510017,0.21415186186906815,0.6193982570546821,1.1650271533536443,-0.8357381028755659,0.08331104153903555,0.16705411933653389,0.40622726158493244,1.122951121772689
10.33543363056988,-0.04351775525496476,0.060681359309988414,0.536800090478329,0.06130149112129276,0.36242954762947044,0.26055440657134143,1.3617363240651073,0.16451741783747265,-0.5303449220294981,1.9242553331811743,-1.0945830436013337,0.3067750562044318,0.4444881642561561,0.4956524499243578,0.873132014459999
15.663684834291683,-0.43734310926049236,0.7715365965802332,0.6775106549392765,0.04259994285290312,0.28157631542040185,0.3644616618893784,-0.31155036227401633,0.2004553495755758,1.4105464351335457,0.6525700378619339,0.8135690362390411,0.44490789765237365,0.40259864077429436,0.44931576297483483,0.5888447902158789
44.5629501806709,-0.03552297267020352,-0.03936554151924987,0.8991939175963619,5.190593667797616e-06,0.3811075314673893,-0.8290207858328316,1.587241305309567,0.15990302227316178,3.718071839687162,-0.1288647220303627,-0.16538060893952222,0.17083605592238724,2.3709528282592585,0.49504344584762683,1.8105646497772419
25.305092274565848,0.3543131747227245,0.2378337687965092,0.7192168845085464,0.05880772629961235,1.120227930935124,1.0780677756812573,0.6688351705830575,0.21457025525746348,0.897110937802925,-0.2610457878722032,-0.3313242081236396,0.29398845567595755,0.948566710748216,0.42632510761351644,3.1579498395245045
-16.961503377989615,0.33903436055351965,1.0680727505056669,0.8758233766330461,0.11304592017203807,0.5423446940614032,-0.5197289298218074,2.31931015658788,0.20829675951875667,0.7948809639822731,0.13567925549866877,-0.10126383700622921,0.44169238218315554,-0.8448229207386648,0.44019515928561953,1.3421392853283338
-13.870439875844031,0.4403822407706774,0.5089436863273524,0.7231795096850957,0.031662382924006145,-0.45552493882952616,-0.344114214712662,0.7440623487655957,0.1870170048497258,-0.17402544443857482,-0.553301717068301,-0.1864022579070851,0.005777569085747669,-0.6636218170249109,0.4710071636562003,0.36935317424038805
33.8289138509088,0.26469741091547194,0.11175040599693009,0.6888357370498136,-0.014703624076077518,0.338984827036685,-1.225863969112865,2.0406090827572845,0.3148139059142978,1.7131129555762699,1.1268807411114528,0.8100799162434724,-0.13120328927504005,1.8689541886828247,0.4371075452461156,1.2809912310280729
-23.924174195188336,0.2364658505125679,0.9541555107315542,0.8894563680004247,0.00521120773370036,-0.015494377673376913,-0.9621575830913579,-0.10060779063686076,0.21798846594596424,0.7758127798480233,1.6749287620574487,-0.5058693279212442,0.04328480404788612,-1.4532978382610477,0.39497450208463014,0.05102273450916617
18.81417627351926,-0.12106922798511399,0.698365594470173,0.6684123757042013,-0.0017432144505061323,-1.2414340840218872,1.0684988209496264,-1.5140741714252661,0.2548249548416694,0.0055115321151063545,2.391937813084152,0.21025626056577815,0.08183701973791647,-1.0716530704814253,0.43253697663269,1.5012694912912221
28.139754517233236,0.35571000341160225,1.2489817489628536,0.815724208516903,-0.044788136703408366,-0.19984579532202384,-0.2502058193914006,0.4630186749054419,0.1565906541501711,1.1856469678473491,1.3516471861722734,-0.1877564623628184,0.4539733085249291,1.906629972396142,0.4742922225708289,2.070686273723706
-3.9109935638151656,-0.5283669058401008,1.7907636863794667,0.7728664701799832,0.07471930228931573,-0.4625265558024848,1.6734759709549047,0.7825871712188662,0.1934258650866975,0.16609792874016083,1.9309555558144265,0.4926201983527011,0.033557412199568926,-1.2368716919530907,0.43466278979932915,1.7235580664608952
-5.652583024999693,0.20043572686541997,1.3069318220769124,0.6731551167974188,0.024480871554528758,0.8297675891567854,0.3547025495134193,1.112398871802664,0.23343897705368838,2.040326112679163,0.10834699141058701,0.401197599735519,0.04484902821324066,-1.3093874881556073,0.47108240441704013,2.551869390900503
-3.029188896022977,0.004821696631094496,1.0585110581711805,0.6608098090823249,0.09561320919689505,0.12417207006573006,1.2329274951602063,-0.7162756286317149,0.22308087175554253,2.5917904096767552,-0.1892289842696362,-0.6079205362647508,0.1784672587279099,-1.0903279595825635,0.49806816922397795,2.0929565463246433
13.600098535657672,0.2811566398010823,0.23173956590098121,0.5530293366787261,0.10437923685926917,0.9232576628171986,-1.0534966913996233,1.7216270846646742,0.2109292565293372,0.6717568520529011,2.03138026286869,0.6907174313119129,0.4078506243052119,0.26348578453464777,0.4694447093330021,0.9923002934849482
-11.588806834969866,0.10271912976098796,2.2015308955088027,0.7444923617398633,-0.010093419569633444,0.1433342060896693,-0.697641692273368,3.5324151900588125,0.19436965741574425,1.0091807068928347,2.0030985829120898,-0.1089243203280395,-0.38204049865902157,1.0911392467952874,0.41358940514796355,1.159180121230294
-1.4087432808446887,0.30363043493566344,0.9249909439652466,0.7801531959493367,0.08331387371868693,1.3512816221880222,1.2914955062494915,0.5986657083101119,0.13678429772316256,0.8170463656044669,0.04090139331152609,-0.037995395382017905,0.12957710148280327,1.4803632935048694,0.4661421364764119,1.521842325079843
-18.459175588722463,-0.22233638158011326,0.42172439417941804,0.7161723724799643,0.011682436920410058,-0.04663585766096029,0.7078431321152867,1.8730027113591483,0.262937215922508,0.6745985213799188,0.8135198625441887,1.3357175409407658,0.3545746751661515,-1.1845750152616616,0.4242214430851984,-0.6614017170942732
26.214001553067103,0.4332870441655314,0.7804684562574407,0.6300974573943254,0.0121489062349565,0.6473487917704746,0.558773309921169,1.4216061737987782,0.11620056317166695,0.8615544668852233,1.487865989019499,-0.47824831288843705,0.12940857346463613,1.2258658796404052,0.3954667910208305,3.044077734638961
20.9408049898855,0.2550616823038397,-0.4126707556057273,0.5372942771687613,0.03393347553905869,-1.364361538934804,0.8690814573303534,0.2629527635576747,0.1463699548288428,1.3652845837126701,1.3430089066978015,0.5969570095012829,-0.0891948398293784,-0.6280605782314012,0.3857232535856624,1.0009856095933496
-40.175578888776776,0.21530290811824337,1.8904801244473957,0.6916860992868783,0.08473676718670509,0.6397980065069703,-0.08364874155611365,0.5149715502234801,0.14557289521517824,-1.4738651563731002,-0.2680377503633913,1.7454671506060242,0.22936594165003882,-0.10297808057390062,0.3461543009633069,-0.7851334040418603
33.942986036474196,-0.03816594511498253,0.267397152509814,0.8480774363688083,0.06179507684851695,-0.6345306156520798,-0.44707085853232026,1.5288906727796006,0.15501163498351989,0.9193888216096968,-0.4146003312849893,1.9581467727351716,0.4502998218494232,0.42428521925835605,0.44127268994430524,1.5161744114085183
3.802956435061404,0.01973860062677575,1.2115669202228667,0.5029882784799886,0.07826051147874968,0.1811859444545062,0.9607286431483233,1.070796041129619,0.14546962188432516,0.7823797433599634,0.455842118401098,1.362885063559894,0.5709175133994983,1.9980323720352569,0.45871191824795937,-0.08665735714155198
-13.935747465798544,0.5209958294596956,-0.18052146431493066,0.7210608060685928,-0.005889253060707388,1.1207858803102901,0.7918631668538121,0.5290434349509763,0.19728335128603927,0.7571547466155116,-0.060603024758536184,0.21186818765491255,-0.3329010435488568,0.8383955890437716,0.4105544682884043,-0.07869389365988388
17.61647817532089,0.17094402530062167,0.14737074291731034,0.6113757508608204,0.06755266495151227,0.017679520142468153,-1.1171407028546168,1.498205032405353,0.28067949930350433,0.7352418425434109,1.7599040212021357,0.11116905277356048,-0.17017575532949886,-0.5439311012294988,0.40041489161366456,1.7322257269720902
18.3217638413598,-0.23297411363079473,0.2031075937057289,0.8177618170147958,0.059910831316721175,0.5837007837964363,-1.6530563489235321,1.5698265780614227,0.18063356778305134,1.7143165331920867,0.5078399297555466,1.2874803963404373,-0.013055060439663979,-0.11759663542620852,0.4532431401337874,0.9564401850907719
-25.764609687647294,-0.4220280087357914,0.93880535551574,0.7531015235811918,-0.0023516069244534157,1.13086917379575,0.9742351925152318,1.0514300787945545,0.08965688916210379,1.7942464630245536,-0.20551913515257325,0.25039559841522646,0.3592646305268256,0.6327588673830229,0.4969190305410496,-1.0470226501867956
42.56733562267162,-0.15774125526835647,-0.7591505027562439,0.8356673378744982,0.11183218053354178,-0.1165424006215095,0.3699689498874599,0.8353092917642144,0.1660247066698865,2.1884721146585657,1.3612716857282359,0.3240624616972281,0.06853875293813184,-0.11252903217698468,0.43907004739438515,2.106436685498532
-22.780003912700497,0.2977763659660395,1.0396457434736717,0.7706853479148628,0.03611495892524236,-0.5869808708790836,0.32302165462718146,2.0079469047198604,0.23542299998565397,-0.12979302407565618,-0.3164392729171379,0.23012421271510525,-0.026127771912452913,0.08544049292933548,0.45787222068083516,-0.018853050101262703
-3.5454526379310694,-0.23399887280133486,0.11375929125962225,0.8280364758369695,0.06859377580121981,-0.689431453959203,-0.918514194105074,0.7467483625627249,0.09018099300762135,-0.322948869211206,1.1917578187560558,-0.9425397320357596,0.16804611627637256,-0.20569026727937362,0.45780753538480745,-0.5623836619945592
15.297729683654993,0.432027834519008,0.7989511025569404,0.6776705604708797,0.060473554182569514,0.13862204670641584,0.6873371779059979,1.8743443957518136,0.125255986343406,0.9776783112545537,0.35727387557281093,1.4454738429187273,-0.1679830693967086,2.160835550356325,0.5063441481233865,1.165284763267196
32.76340678823886,0.2848346944533049,-0.33370491793770773,0.9915257448742096,0.0521170119611517,-0.06064175224936591,-0.6024129641429853,2.5278952366850658,0.22316920563382267,0.6063637905665844,0.032076483566044756,0.524291633716967,0.4668203167261295,1.6899206513682528,0.41547230322838935,1.6138481929041062
-20.624262934348895,0.6227469392024195,1.0748650714611778,0.646347019726538,-0.0008869062892336368,1.5568049242642636,0.40922123406949307,0.7619221016885318,0.2095445250131394,0.7703620465271249,2.2633788861256843,-0.27300438210970324,0.01438787779543027,1.259772946966473,0.40523976986340016,0.06560817907333727
0.22263888911583551,0.23376470645712097,-0.40592303102897775,0.6282830304384608,0.0316193799497566,0.44684514361050387,0.5547712072031654,-0.5883663483860786,0.3180819358703805,-0.516679752166208,-0.9766257262641154,-0.7005381652232048,0.3183510297517437,0.10169276180341091,0.4708862931483744,0.6093313009589496
20.151904682623396,0.07807609302633833,-0.11098196790333459,0.7676538195624921,0.043906647749486216,0.519328059241747,-0.5944255405349406,2.0607191815191155,0.13810742085179706,-0.2667531150697119,-0.5711325326883585,0.7072397783880285,0.09518736882025916,-1.5523264601741835,0.4073065362725148,3.2411625390699674
21.28855404595115,-0.6258912302585513,1.9631360231997181,0.6583762697128297,0.04401581140997052,0.4274415803423597,-0.17371666217090848,1.4284734137786606,0.12722818813770165,1.1239725473159141,0.6932846483364256,1.0371766406656087,0.26318772502679566,1.0114330746183875,0.39163634622330135,1.9364862857793834
5.471432148263645,-0.03870567181811452,0.6491394017765906,0.6116039461518016,0.06665485322621399,1.5718558371786289,0.0905873536133051,0.6043626692372843,0.21325898005858127,2.334930747282906,2.4249347563701,1.210086645421487,0.10184980718903924,-0.29330610586399297,0.4211132269397026,1.038569695767458
-10.502588385887986,-0.027581204209197546,-0.39043899328232634,0.49718580764792175,-0.025221114318970193,0.5494124646033531,0.2538736268837814,2.5410459052938474,0.16553180560160724,1.0895013868522094,0.0879991020356834,0.882232238330671,-0.01186842884007902,0.38643492827038584,0.39811628443267527,-0.938988263701735
-14.882753008608248,0.17859310549914825,1.2620246119294458,0.5612355909597644,-0.012653576148495951,0.8692866642782413,0.9047361843331824,-0.17306914744882818,0.22391035878922488,0.7151379861523126,0.4675814787633215,1.5201869021367564,0.23165301818362727,-0.16937648128597166,0.45002949501632505,0.254346901869289
-15.1655378136549,-0.0714156705814798,0.7824814260464982,0.7341502191578999,0.07354758432500133,0.3732764729987009,0.07962594757497424,0.45045129096293357,0.21378124595995127,0.5565197437201289,0.6054024840588894,0.3039135503644883,-0.08340720624074802,0.7053966641026053,0.5169080625993333,-0.7319219490868039
-1.3187173375251384,0.6781892726365912,0.8917545353684484,0.689711133595008,0.003792711779297249,0.38825905549092576,-1.694122264977111,1.0232231319343261,0.2002007539256358,1.4065114564167145,0.08564964204224013,1.2138854994328183,-0.027607147856503228,-1.454159318270709,0.5343011320255736,1.8124060921613272
1.956953289171846,0.46215217115498186,0.7466685605479628,0.8298686610522982,0.01996457809370748,0.5784399671448734,0.013941610652887862,0.18290298478432876,0.1849166848766746,1.1044708028399002,0.7633713547799973,-0.8899172691043509,0.450119406248828,0.5929109075167984,0.5848505101456891,1.2435808099495904
-1.5575841107370718,0.35972837668764174,1.7671830136051332,0.6371085281375775,0.04847025872765186,-0.32913704557336976,0.06815055831744446,0.5956838917436118,0.16928774339581723,0.4445508005530039,0.4638604999135127,0.30642774908251796,0.1610492139835531,1.3196896829079665,0.46177982343537105,0.9687741312775858
16.164332787674937,0.07446267743354992,0.621452275731568,0.9290917091876051,0.009578735388511887,-0.43314076309971306,-1.3410039906050506,1.3144522521891946,0.19429158480449663,1.086570997501433,-0.5032927929882336,0.231175258117453,-0.06068174462667286,-0.21354497937542366,0.39796987501326453,2.0317192433890705
-40.17305888591033,0.5550662978832871,1.7142924662820183,0.7944221815737202,0.06278953413962032,-0.9182004552985841,-0.9277835254697739,0.5900939769419256,0.13921267484122135,1.4848495373645267,0.027175833163492924,-0.2517594744141718,0.01857775076215784,-1.2008316902237233,0.4585268318337553,-0.5241798352748661
18.536662686699717,0.09014699691375794,0.1620989267257329,0.6963258707559975,0.07942291833110686,1.1449599108358446,0.29172590142046106,0.8326457159767711,0.07400871899229323,1.5167226845394524,1.6768671722281834,0.6644271188493422,0.16623510184092974,-0.47632652223365735,0.4714307847884885,2.1646391736773136
6.439488228796838,0.1527449627419381,-0.07266580521250288,0.7716402409253779,-0.00263490817320481,0.5321092789359951,-0.445680918086681,2.510844249624572,0.20489495130540328,1.7934575719495758,-1.0384677114192766,1.1117221933368349,0.0026820944917602674,0.5002291360499318,0.4330997811335347,0.7032508070023583
15.432875981357014,0.7009973721343206,0.8043769625457519,0.8846156000101804,0.05580342885050889,-1.306197803462965,-0.35363252430780606,1.477415603079345,0.2540469610927515,0.8317450837912933,0.5305474094543183,0.4027094731032659,0.24091011536873508,0.1368563750092179,0.38015113173399084,2.124697883288712
-10.382006313503519,0.5182751291477177,-0.598939692017434,0.6482393963218628,0.05730133948906187,0.638679751166344,0.7915834408214288,1.0973337486855828,0.21181825170904425,0.5911199930222105,-0.42249943795642486,0.1190403258364073,0.2556784666566036,-0.7918831412413834,0.47298911454914705,0.42272499045123496
0.8029996391262924,0.594818119264654,1.1486903884726956,0.5368671532738489,-0.01617472813322541,-0.7926499854880451,-0.12658213800977838,1.1647878402576222,0.16596720672215207,0.41884083712511183,2.195495435768806,0.06299801444794473,0.32778722202268634,1.3631357290963872,0.4421340062303593,0.04339741965325039
8.147498132355217,0.2640972508694329,0.9046061522869924,0.8456978940294587,0.024643570690739955,0.37982790003245503,0.24854082352937637,0.7711557345705591,0.24452592819230146,-0.5818653559784753,2.2123776739709378,-0.33162295778715967,0.10509882918290403,1.279887719079562,0.4485541469328569,1.403809098767347
0.4190156903748874,-0.05201817489295557,-0.173136730067455,0.593616200533833,0.04534658137230593,0.5499865329073532,0.11543828091598225,0.8208797500640385,0.1862183896351173,-0.3037184423877751,-0.12203607108215364,0.06257057985052128,-0.29417325418246004,-0.6516357648702498,0.46464448684242826,0.9451299180048796
-13.498653979777162,0.0025593727432917934,1.281818204535852,0.7823493841307017,0.04831123793854661,0.5754689799576627,0.901285726948545,-0.33015587338226293,0.18362623479582962,0.8776950558074483,1.645926046430533,0.08686436026617872,0.21925600294530073,-0.40956043387821284,0.35945325812856854,0.6976311714525814
-40.65696110129265,0.7187286935635805,0.6131225836039997,0.6630069965969686,0.08476235999986448,0.9191308222994821,0.5626929608419371,1.3867168067261084,0.22020991608987225,0.567651089317562,1.2285991224443902,0.17856068371693348,0.0468357462967037,0.6368518601384248,0.468960389184445,-1.535288920627922
2.8501214810463367,0.13874937340948856,0.6245381506556872,0.6137673451707757,0.06456156764696203,-0.044287917066482,0.08646788276033551,1.0010566452093934,0.1897044334897043,2.17991470550403,0.20867518111942684,1.275483264701637,0.48955455779560764,-0.32124006753656886,0.49133683917989407,0.519620765583187
-28.897032825978737,-0.07310673233729797,1.5561749782326313,0.5132899544647294,0.040606047636931646,1.1383951119204507,0.9400117389440409,0.666162116679636,0.22972703615980192,0.14925577830007597,0.627827564372081,0.18970820044723063,0.7181944809204728,-0.254162369748793,0.47532123548023836,-0.2221705347520595
-8.44602376651086,0.43506606919930674,1.0141746518100845,0.6067825436415915,-0.039874772585783216,-0.11414205733046329,0.4950800697132166,0.49042888894009246,0.22079432732547283,1.179607996889368,-1.1590897529657496,1.0644756101201107,0.05580514498224594,0.37106547663773626,0.43244697667996457,0.5641236792263651
-12.174321170699654,0.3597547724801544,0.2936803716454696,0.7340410584431463,0.016442436913625277,0.10440113272433607,0.25819361865175694,0.7064764909525172,0.10490496422587142,1.3484967281413724,0.6514721112232924,1.4205649495918578,-0.44203954313056026,-0.5502324621783837,0.4870985116880424,0.0742280025349028
10.325615782714136,0.030503119027607148,0.05155331851193279,0.836760576540934,0.014667168366412589,0.6069925964622483,0.14571412201005318,-0.08091318227558253,0.22538657580093818,1.3977714942656116,-0.37242580536569014,0.9073411360007877,0.20697501203906277,0.4159226050329984,0.3724483277159199,0.7867442401181924
-10.699559078419853,0.07837222181149378,0.47608607248112444,0.7265675318910673,-0.0007497253621442379,0.4206620779843774,0.5484127282504608,0.30740900146456074,0.20640230269565624,0.7472610909503049,0.35293634374694455,-0.9179157288014168,0.28313841468641,0.10580915286921017,0.5471875856841563,0.35265399187119073
-3.1917645544053066,-0.33038231408483865,1.0140783326891505,0.5571539889468857,0.03403359674231373,0.1918598795356786,0.37475331167602144,1.0794374128108184,0.3301377414631976,0.8576680529342946,1.4331323216241194,-0.2437733424436459,-0.07088777580458244,0.040592222216931095,0.41787692306473956,0.5298771516710811
22.846865513809604,0.13925053682872807,0.8343681140681142,0.7133237568978137,-0.040467981210963316,-0.12943206873669932,-0.6675064266257333,0.9643560370615627,0.14174113194165686,0.14001361245576838,0.17748348675650427,0.5076862957367624,0.11525297004611965,0.6881471175091998,0.4278375607485525,1.8673940464606016
8.645790522182887,0.20716643289105818,-0.25304157818515416,0.5293648839689752,0.052884350752147355,0.0541617505004324,0.2289072571143362,1.1655967472801503,0.25224754419685536,1.7217967357438646,0.2277023804920073,1.1249516573808855,-0.47812716627115404,0.24964627527480857,0.4639132452869451,0.4341173269728581
15.015365924418635,0.27894127388447676,0.7395865087710448,0.8034020714892905,-0.04591427436364562,0.14085955029755587,-0.7092740811899441,1.856177987775296,0.2425078601554909,0.6234485200035588,-0.3239831886897382,0.1978359904458186,0.22201087708555173,1.2832884329743823,0.34845463792050335,1.4194770904412268
